trial,msg_len,message_bits,digest_hex
0,69,110010100111111101010011101100001101101011001011110000010111101001000,21d21902609320e0ed17e0cf02d0060713430c00fc01e
1,115,0001000111001110011011010011010101111010110110000011011011111011010001000110010101001011111000100000011101011100100,0c117005d0911d001a06e1411b916c37a05e097174037
2,74,00011101000010101001101011010000100101011100101011001010110101000001010011,06102907926c1d101d17c26408421405527c0e200b065
3,75,011100110001000100001001011010101110000101100100110001111100111000011001011,1a60e20021a508d4f00f400b14f08a25a0080b103502e
4,84,011011101100100011010111010100010100101100011000011010011100001101010010000001100111,20013b00819602c01e02d0fc1811e71fc01d05a19523c
5,113,10011010110001100100011011011001101101010010101110011101001010001111111000010011100100011111010010001001011100010,0401ac1c314f0981f305d0790931a20ea17a238096033
6,93,010100010011110101111111000100011100000111001000110111101011111111011011110101100000000100010,0f70ae0f80a20aa3422180dc16413604f03b22207901c
7,111,000010011111010011101011111000100111110111011101110110101011111001100110001010011111110010110101001101101101111,16e06401b1180cb1c820700d10610011205f1242cd0e5
8,105,010100010011010010111011000110111000111000101100011001000001111100101101100110101101110000011100101100000,0ce19807f01844301805614d0d911808700731f0ca097
9,117,111100100111101111100000011111101001100000111111001000101000010011011011100011001110101000110100010100010110110001011,12e14306320612a3660eb00a12e09406f07e1210e90e1
10,103,0100000000101111111100101001110111111011111010011000000111000100010011001110010011010110101001101101100,1f305e08405521d0951bf0f10e30032de20104a018146
11,107,01100100111110111101010001100001000011010000011100000111111011110101110110011110101010100101110001111000000,0e109d1221a413b05609912e14e02922c16a0292f0035
12,80,01110000110000111111110111111011101001110111101010011111000001110111001000110011,0b009e1dd0552920a203007400428a0da0490224a002e
13,116,01010000100011111101110100100101001101101011110001101110110000111010100101111010100101111100010000000000100011100011,06d0591012561161601b103a09404a0c31dc0030333c7
14,126,111100100101101110111001000000100010111101011110111010001000101111000111000001010011000101010110010000000000100010000001101100,0c503011101400d1370482923a60a00c51801051e704a
15,84,101011001001000011001000010010100011000101110001110011110001101111001100110100101010,0362150e41043d01860640eb0d21960db06415d004019
16,120,010001011110110010100101100110100101111001101010100100100011100010011101101101111110111001110010100101110010001001011110,0b00b000a0ee0f13210020ee0030f10a03d003c17a185
17,77,00111110010111111100111111100001000110111110100111000111100000001000010001100,1f203710523023009502706e14d09f1720ec22d099030
18,70,0111000010010000000001011010000001011101110110001001001111011000000101,01b0c22cb0b80830830c92310170160bc04d2cc107290
19,98,11010100101001100011000011010000011011110111000000101010100010110000001001100011000100001001100101,08a42d0d907c03f1ae01d0573a80cb0830300080e4178
20,98,10110111001011101010011101111001100110110010001000110001100110011100111010011110100111010111000110,0320ee03006f0ab1791a908e0a615d14106502c2ed31b
21,111,100110111110001001000001001011100101001111011001010000111101111111110010011100110101111000111001110011010011101,03a10a0c80f606700b3b30c10e005307214334f0a6134
22,124,1011101001010111000010000110110000001010011100001001000011101101011000101001110001101011101010100110100000000011001111110000,3420b109513d02211b1240d133400b18207e0d90c6023
23,112,1100010011100001001000001100011100000101110100001110010111100000101110100000010011101100100111110010011001011101,07f1191081fe33f16f0230701650ea0e10271a00cc057
24,88,1001011001000010101001001000111100000111110110010110000010001001000001000110000001000110,05b0480400df37f02801523245419a03b04b10f07a04b
25,77,11011010000100011101110100000001011110110010011010110010001011011010001101111,03400603d16a0fb24607116321306400e07a0a910b450
26,89,10001100010100100010001110101111101111010110111001111010111100010100000011101110110010010,06d04310e3260400ef14f07d1520f632f0ae07113904b
27,96,010101111011111000011001111110100000110100101100111001101100110010111000100000110001010011111100,02302a15a1b811c0a20ab0fc16713c01b2090101ad2b0
28,72,000010101100110110001111000011011011110101001001010010011011101110110110,4b41c605905e4330df00b02a0c810601514801c036003
29,99,011101011000100000001011100111000010011001111100100010000101011110111111110000000011100101001001010,16b02f1be0f30570fc0df0b715d09e05903d1e73880c4
30,92,10111011101010110110010010101011001110110001001011111110010111000111111010110101001011000001,0281de0da0280cb0180ac18110010301a46a13c1c7057
31,71,10110100110000001011101101010100000001111000001110100010000000000101100,0300230ca31f0a60ad1e504b2880e41330e00930f2135
32,75,000001010101101001101110101111100101010000001111110100101111101000010111100,1c20b80420d40792184b502304d0c110f0900260c4169
33,128,11000001011100101101001101110011100100110001010111110111010110110001111100001000000100011111101001001001101100000000000010111101,0cf05616f1980663be0bd03e00102910a0310e30bf3a7
34,81,000001101001100000110100011101001011100111100101011001011101011000100111111011111,37e0310381a60161531180a303b04b1103181fd076028
35,80,11010110010101110100011001001011001110110110010001011110001101100000111010011001,1d412c09c17e01407809f03608d03618c0321321b7414
36,99,011011100110110100001010101110000010001110011000101111010000000000100001111010101010111001000000110,1b10a406e1fb09f3430381910af01712c0b302a0132ad
37,91,0101110111110110010011100110001010101100111111010000010001110110101101001111011111100011011,06223d37b02c20a02105707d08d1280c700b19023b05f
38,85,0101110100000101001111001100110010001000100011101010110100010111101010111010001110010,2de13805812507826a0430182170fb07b0d105a14012e
39,79,1011111100011010111001110001000111000011100100001101000111001001100100001110010,18d3690cc15f0521f000413b00705e20110f00f06616d
40,102,101101011010111101010101010000100001101111101001011100010100000011100111001111011110101011001011100111,16217713c0220870d008115c26203a05615d17104428a
41,73,1110110110111011010010001011110011100110110100011110001110000011001001110,34b1f411603f1582af03911c0120440370340f11780e0
42,118,0011010001100000010010000010110000110001100000000011001101001110101001110011011011110111100011101001000001100001000000,0e101a39d0f900a23f0b514d04002304b00b0f13cc0a6
43,111,110110010011111101111000001100111001000001011001100100001001001010001001010101011000111010101110010011110010001,1130c20b113e31b02b04104f0160cc0ca0461a80de3e6
44,103,0001010001000001000100000100001110101111001011101000111100100110100010011111111001010101000101001001110,27d1f90ba40b03f1150a40b70c705c0cd00b15802b090
45,113,01100000100101110011011010111001110010100011001010001010011000100010100000101000010111001001110101111000010100011,12e0a829610312219304716f08901407f21005c295002
46,119,00110100100110011110100101011001000101000100100001111000101010111001011111000010011010111111101111100011001110000101100,2181c100f0130c83521af0311190880271bc0551b9072
47,108,001110000010111001010011010111101000010001110011111100000100000011011101000100001000001001100010010010110111,0bc0e407b46c1e00a802203e0771140161ce20d0220ec
48,68,00101110010011110000101110011001100111001110000101111010000100001010,1ae07c00103f0d416d3dc1e509710f0351fe0f90a6013
49,120,000110110011100001000010100010011011010010110001001110111010100111010111111000110000011001110001110011100011101011111001,00e2490f801202f1bf09f14a07016d0b424d38403b023
50,109,0101010011010000110011000011110111010111110110001111110001000111011100101101010000100000110110100001101111101,19f63701d07802906702717700419b1701460370b4021
51,103,1100001111111110111000111101101011110111101010001001000011100001101101001101110111111110011101000011010,1060c70a40381fb0c016224433300d0310b90610e3182
52,92,10100110010010101100011100111000001011110101110000100101001111010101011110010001001000101000,1a239a02c0a406e0401340800240e71670453d80420b8
53,77,00011111110101100001111001110110000011011000111100100000001111101110011110011,07d1c905b0105140101392970291a114d01a07407e030
54,86,00010101011111100001001001111110100110111010101000101001100011010011010100011011011000,0d902833916e1150b710716c08d1582c701e0b8088006
55,103,1000000101001111001111000110110011000101000101010011101011111100111100110000111100001001100111000111110,1a407f1eb1a721308603101c2260780b81bc15d0ee001
56,87,100001110000111010010010101001010110011001100100101010100111001101111111110111101000111,01f2431a60572ba1251561c816905c02c01d052115128
57,92,01011100010100011011110010001001000011011111001110010111011110111101001001100010111010000101,0210ef18d2140180762d615e0243d307b09108b06c08c
58,91,0000110110001101110111111000011110010100111011100101001001010100110100110100001001101011001,23e0e402d09003b05c0330ca05b0d002113d0b473d00a
59,64,0101100100010101101001110000010100000011000000100010000010010001,03c30b1160110c10770f003b2c01550e72140c810304d
60,127,1111111001001110000100010011011001011110110100001001100111101001100101010001111011111110101010100110011010100011011110010001110,10a0cc00c21d2970f101b0390090ff07509a1f31b0264
61,85,1010001101111011001100100110000100011101011101110110101100100011100111110011110011001,26512e0950710120dd05a12400019e3710331f2138088
62,127,1011110001000111100011000101011011110010000001100100000011011001000000010111100011100111000101000111100100110111100100101001100,00c23008701d45407102703d06c0fd24107f1590f417a
63,79,0100001010010000110111010110010110000001011110100011110101010100100000100011000,07b0fa02d22901b1a809a0f202d62505f0af04a09909c
64,126,110101101100010010011100010011101010101010001001001111000110100111111001000010010001010101010000010010000000101100110110010101,0951490000d30540a104703824c34a21d2bb0b102708e
65,79,0001011011101110100011010011110101000101101001000100101011001101011110111111110,07720354b03302a13401f12302e06523617001209f078
66,69,000001010011111101100101000101101010011110001000000010010000100001011,2960c30dd01216815307c01504e0bd09d08e2123a6076
67,125,11110001100011100011100101001001001000001000010000011010011010111111100010010110000000011010000000011111000010110100001000011,00702739300601d0c60f204a06749c00b16408118119e
68,69,100100001000111111100000110001000101101110110011110010010000000011110,3a227b1110cc03605a02c02e0760781072b00650fb10f
69,122,10011000011011101110010101000000011101101100001110010110100000110110001101011100100010111101111111000100101100111101001011,07b08104e00f0910d708d04214422b1991ad1cd18b25b
70,68,11010101110100111011101110001001011001010001000001101111011101110010,08f0d40551a00d337e03f09e10e02c2d403810d1fb024
71,73,1100000110010001001000111001101111000011101010001000100001101010000111010,0e001052701c0640420490b339e15e03b125038026169
72,115,1000110110101010001011111010101101001101111001101110001101100111101100111001111010101111110011111111010111010100110,02221b12d06035e0c10101990ab02a00f0dc0b919c251
73,95,01000001101101110000111110000100011000101110001000110111101111101100101110011000110001000100100,1190570ac00508d39309903706e31306e15228a0ec02f
74,111,100011110110111100011000100010000011111010010000110011010001000010011011111000010011100100101011101110000111110,05a0f61a91b104928627107302a0291810c506516013f
75,94,1001100011110100110001100000001101010101010101011100011010100000000100110111000111100110010010,1183440f90b010d0941a70a908702a04602f23e189117
76,75,101000101001110010011011011000100000110001111000100110111101111111110101111,0130162ab0cd09f0011a40d601004d1d916d04321d33c
77,94,0111110011111110110111010111101100011110100001110001001110101011100110000000010001000000100111,0b60c61960b50a727c01c35d0290313a911f00106400f
78,78,001011101011101000110110110010100011101101011001000100101110110000000001000000,2d007a06304d1d312c1b50dc00e31f0a10440c5007190
79,107,11110111101100100010000111110101101101000011111001101000001110110001111101011101111000101010100100010011000,3130cb0cb08209232507609000e0281cc0ca08b18a130
80,94,1011000110010001100010001011100001001001110110010011011100101101111111100010100011110100110101,0220bc0b907d2452b008f0e50c214516314b04b1850f5
81,98,11101001100100001110110001100010001011100011111011010000001001000101001100100101110000111110001010,06001b2552ea01c4c808406a1ef03401915101702a0a0
82,125,10000010011010000010000011101110101010101011001001000000000001011110101000001010100011001100011000100001001001100101101010011,1830001212440800430392113ab00128600603a18500f
83,78,100001110101111011010011011000101110011011101110101000000101010100110100010001,32c01e01312c16213d0c405e0043220880f61c70630e1
84,95,11110010001101111101001101000100101001000000100011101010010001111000000010101110011010001101101,0010860fa16d28d0131ad1463cf0f90010490f103713c
85,102,101001111110100110110101111110001100110111111110001010001011101100110001000000110001001000011000100100,0343de0214310f21d303d0ed0110e803d0960840740e2
86,77,11101100010010100110110101001101011111110110110001111010001000011111101110011,20c2440580f207509b00708d1c516115922e097141034
87,75,101001100101110010101011000000110001000101000010001011111011001110010110100,0f70f31c828106b0812d80990980600590822a40d0022
88,88,1101111111000111000100101100000001011010101110111100111111000111011100011100101011101110,0430020a336a0cd2160621fd0c5019003185256031177
89,127,0011001101110111100000011110000011101100101001000010011010111001100010111011011110110101100010101101100100110001011111000110011,16303e0d11fc2981e31903a609305800404e00308c00e
90,86,11101110110101110010111101011101111111110001100100010010011000110110011100000011110101,2066461980571a30490f711009a03902605705c018007
91,110,01100101010010100100111111101010111100011000101100101111100011001011000100101000001011110011011100000000000111,0390860e00d401e0ed2aa17a0d32a60b512a1850e8090
92,100,0101000011001111111010010110011101000011010100111100110010010010110110100111110011001001011111101100,2340b20110ea2960421621a308c0c60911a9208032073
93,81,001000010100101110000010100100111111101000101011101010111101010111101111101110110,0a512703411126a4001470eb0820f60710ec104019058
94,69,010110001000011000101100010000010001000111110001111000110011110011111,1340d60642e50070db0ff14102022d2cd0111310610c7
95,83,01101001100110101011111111111101010101101011000001100010000101110101101110100101000,1230700d504c19d0172281132600cc1af04f0d002f22d
96,107,10101010011011001111111011011000000000101011101001001010000000001111001010011100101011010011000111000001001,13a1680270680cd2d920b18003b01a10b0e20141781ca
97,116,10011010001010011000001011111001011100000001110010011100010000011101101010001010100000010001010100100101000001101110,19502404e20415542a0e20a313405608a0590320ec15f
98,113,01100011000010010110111000001100001001000101101101001000011010011001101110111001011011011010010001010000010111011,22c04c14e00c06c05602009a0a009430c1550f52561cb
99,124,1010111001100010010101110001000111110000000011100110001010111011000001111110100010110001010111101000111001110001010010010100,02e1501542be04c11a14c10d09b0a410214a00d0fe215
100,89,00100100110001010010011011101011010011111010000011001011011101101100101011110011011001101,07d12f1ef4190110300ad27e02c09302006a03215e202
101,128,00100010110000111111101010110111011001001000001110010101110010101011100010100100111111000110101111100100011111110101111110011011,0120a21ce0f317905a0420d10fa08514403b0181974f1
102,104,01001100011001000100000000010111110001111000010110101101010000011100100000101001100101010110011011010101,0be0357670a00451a403115609b00d00f12a01614804f
103,114,111110001100111000111001101101110101011000111000110011010001101111000000100001101110111010011011100111111010101000,00724f06d0bb0d30730410690c526719a0650b9040466
104,77,10111000001000000111110000000111001000011001110111010011000010101111111011010,0dc0b008202012c0bb1090380db0a52421c43900b90d3
105,121,1110010101111000111010001011110011110000111101000111100101000011110001001110110110001011011100100101000000011000011011010,19c08f03c0d60071351a42e021f09514a0b2001119131
106,103,1011001001011111110101000100111011010010001001101011101100101011000110110101000001010010010101001110010,1fe0800570dc24f22c05e0a410407e04324215b0700f9
107,79,0100000000110000010100000001101000011111000101100100010101101001011001000010111,06e0e90052811560821970c53190db00217f0551580c6
108,128,10010101101001110001011010001111111001111111011110011001010011110111010110111110110001011011110000101101010001010011000100100100,03f5300fa1ed01a0a01d201e00e2350e103c04f009140
109,69,111100001011011000110100000001011101001010111110001111011001011111110,01524c2200271030f607a1950c40e70632ff06e05f170
110,124,1100100101001011010100010100100110110111001100110011111000011000000101001100001000000100110010100101100010111001101011000001,11c05d1613c70e00da0772510051750370141bc0a50ad
111,93,000101011001101110111010000110001001100011000010101010001001110000111101111000100001110001100,0af08b25b0470760773890781a60d708c15706214012d
112,84,101001110011011101100100011111000001001011110101110111010010011000010101110010110000,10027a0d60b50830270c412147a00807805610b196073
113,90,110100110010000110000011100000010011100001111001111001010001001001110101011001111100101000,1cc0450590410fd0493ed0740fe0420ab01a1751e7245
114,104,00101101001000100100011101110101100101101100001110111011010111101010010110011011011011100011011000101110,30214a2180a603d0ef11e19210c1230c502a0b30d1070
115,100,0001100110011011011000011110100011011011011100100010100010011001000100011100011011101000110011000010,06300208d0f93161d70900a02e80e417602221b03b035
116,109,1110011101001000011101101111111101101111011010011101011101010101101010001110100001111100100101111001101101111,2fd2e210d1621201741290b60390e600f06d09d0170ec
117,121,1011110001101001011000011111111100100001101111001111101000101110101100011010100100101000100100000100101011010101110111101,0f11c80012bd1be0e30e406f26e02e01304204f0fb252
118,118,0110000111101100111000110011111111011010000110111111110101111111101111100011110111101110000000011010100000001100111011,10c11b0732480b71c600b10a00c03c20203625614a164
119,83,10011100111110000010101100011110101111110010001111110110011001111110010100001110100,01a0913450bf06d01415413a36a0ba04429e06800c0bf
120,74,00001100011000000111000000001110011101111011000101100110101110011101101011,1ca0e11a002a14d1a000905302901520c2d01860ea0b2
121,100,0111010111111110010100110010011111100011010100001001011110111100110000011101110001010100111000100100,0ae36111002d0300042950360c90730460d91ac00c39a
122,74,10001100010001110000110101101100100111010110111010001110100111011100111101,11112201219b0c308a02431326a11c00912303801129a
123,87,110001110100011110101011110011010100111110111101101011010110000000000110101001010001011,14c2570a30dd21d04f1921e808f04a03b0320981501c2
124,117,111001010000110010110000010110101111000101011001000100100000001011110100100000110101110001001100001010110000101001110,34a11203a12f15b07a37c19a0200140b615e02e0a702e
125,99,101101101000011101000011001001011000010010010001010110000010100001001101000101010010111011011111101,04c06006f1b50d30b007c12327812c0a834f0fe16300b
126,76,0101000101000010101100101111110100111001010100111101010001101111001010011110,1c31df04548a0e809101210a01913d16e0730680650ef
127,118,0010101000011010110100010000110000100110010011100011010010001001001110100000000110111000001011010111000001001001110100,0d922a19d0640423a61041010850b40d20d306e0f70c5
128,75,100000001111110101001001001100100010000100011100001101101000110100011011101,35b0ad11c1450690000160711781ac18c0a211d1ea049
129,81,001111111111001011110011010111001100101000110010110010101011011100011001100111100,3790c904a02f1640bb1870d403634e02b0d704708d168
130,68,00001010011100010001111110100001111011011111101001010000101101001110,0d901b44703c07c11105307a18f1a006f10a03200b342
131,72,111010000101010001011010001100101101010110011000110000111000010101000111,02703f15908a0cc08908f2202f40230002a41fe13e0b4
132,121,0000001000111000100000110011110000001110011110100100000001010100011111001101101101111111000011001010000100001111001110110,0531310d804300e07f46f14400d10c12f00d1bb2280e1
133,74,10110010100111111100111111000110000001100111101111001000100110110010010000,0700e80060a71ea16103603211a11e38416c0130e921d
134,88,0111000111110011001111110010010000111110000100001000010000010000010110101000110111010001,0f243c1a71121f60421091620140840af08803b0e307f
135,110,11001100101100100011010000110111000000011101111111111010111010001001101010111110000101001110110110001111010100,0e917921a3bd12f0b807a04606d03804919604a22002a
136,70,0010101000110011001000010001000110000110001100000010011111000111101111,0be1f01cb0420662831050bb07117e23a0610350181bc
137,78,100001101001011101011000000110011111111011001111100001100111011111000110000110,07502c04b5741140550e90e20e21e715d054071063115
138,92,11000011100011010101100001110100101001110000100001111001010000100001110000111001010111011100,1b40134610ed0e11950cc0c90090a909c23b07f0ad023
139,118,0000000000000000101111111010011001101000100001010000101100100000111001001010010100111111011010001000001101101101001001,0a31f31670390d802b14c11f1c70ca0081d72be0be067
140,110,00001100110100111101001001110101111001100001001001011101101110100000110011100001011100001101101111011011001100,0df1d518b01a2dd0630503490700dc0552220120f3000
141,123,000010111111101000110100010010110110000001000100000110000010001100111110100000001101011101011000111111010110101001010000011,12317e17403e1a50196341a102902401902d09e05a088
142,102,011110011111000110111111001011101011110010011110110011000001100011001110111010111101001101101101111111,0c204c01a30303b0483ab12c0551a425803b0780a70c9
143,110,11111100110100001100010000110010110110111111101011011011101101110110011011011000101000110111011110111101011101,0511d22a60910880901600b108e0a708304f0ab2062bd
144,64,1101100001110111001101110101001111110101001010011111010000010110,4d404401817038b1d908805802a0230110a40c40770d8
145,70,1101010100000001110000010011001010000001101100001000000001111100010110,2ff00b19c3d900d10c1180390eb15509c0a60500570e6
146,103,0010100100100011101011011110100001000111101110010000010101011101000111100001111110111111001100110100111,0200520ef16b1db15804402d10f2d007210427e0db0db
147,78,011101011001001101000011000011010010100111100010101010101111101011100001100010,0d40dd0900ec0ed2283710d107402117420d06e04c0a5
148,115,0100011001000101010110000011111000100100000010100011010011000101100101110000101111101100100111111111111011111000000,3bd0bd0ac23d07d2590f41670280280f80c20a402e087
149,76,0110111010001011100010101111101110011100011100110100111111110101111000011100,2101360d80f03680b10ca03510600c0300aa1b40f613b
150,113,10111001100100101100111001011010001110101001010010101100110000001101111110011010011011001100011100000100011001011,0dc3e50d904808c01709926d02800a17803e08b3070f3
151,65,10010001000111110010000101001000110110110001101001100001100101000,1b44041430c40c80111fa08c04e1f30660ff03d03c0bb
152,69,010111100101100000110111101000010110111000111010110001100001010110010,0f600433c01505c0203951902280481c507c0580c3042
153,79,1011000001000000111110010110111000011011001111110110110011101000110000010001001,03f0ab29b42a0060d22660cb0cc0fa0ce06d06404f08b
154,95,01110011111111110100010000001011111101011110010001010000111011111100110011011110010001101001100,01511507502514110a1260590030fa13b4590510b72d1
155,117,000010000000111010101000100100000010101000111101111000111100011110111110101110011011101011010101000100000111110101010,01c09a0b20ad01e1811b33ef0131d80871c20e404014c
156,78,010001111010000011001010110010000100111101011110010110111000000001110110101010,3990432180ba0950b20fc1ea0a607611a09306a1b6034
157,125,10000011111010100011101101100011110000111101011110111001010101010101110000110101010000110011011110010010100001111001011111110,1641581870f91ca0e502020a05621e1930660df04a04e
158,71,10101111000011001111000000101111100110000101110001100111110010110001111,0600df38f01426505f08b0270631eb07c0b21330332be
159,128,00111000010011011101111011101110011000000010100001001100011001111100110010100100011000001001011100001100101110100011001110001001,03c00f1563880470a503e17d0620731c120f0f527101d
160,98,01100000011101111011101110011011001111001101000011011101001001100011100001011011000011011010001100,08f04101b0190e60ab0d606546629203a0ee174024270
161,88,1101111110010110101101001100001011101000111110011010111110111001010110111110001110110001,02222a06d3773170c600d06700706205306500f1bc28d
162,101,00101000101000001010011001001100001100001011101100011000011011110101001100010111110101010011001010111,0151fa22b1410b20be0aa0ab1e003d0b805332801f149
163,72,000001100101000010101010010101101001110001111011100011101001100100111111,0fe0b12040bb2630c821300832705200718906401f0b9
164,121,1011001110111101000010000110011010010000100001101001011100110010011111010011110000000110000111000111111000010001100111111,10b08713324864706003a0e206005f080047137033039
165,126,010010010101111011111101011100011000000000111101100011010101010101110100001011010011101001000010101101110110011000111000100110,1940150750d02ff27311e0d000108f04918c1701240b3
166,65,01110011011010101100111111101010011110100011101000000100100011000,07d0e90221720b908936211e16a0f902f04b20204d212
167,115,1001010111110110011101111001000001000110001001100011010010101001011010110101101101101100001001111101100001101101111,2850db07e2572402150eb0430480b102c1770860c0061
168,65,10110000100010000000010111110100110110111110101011010001011000010,3050963e91250f601f0361160920eb1c0114072024005
169,90,111111000111101010011110111001011110010011010010101110011110111100010000110111010101011011,0260800352f138513b2560dd0320740910c01060ef04e
170,91,0111110000110100111011000100001100010100101101110011011110100101000100001000001000111101101,0033692cb1ea02f00812e0e61e011213603204c0df004
171,113,10110110001101111111101110100001111010101111101001000110100001001011110010011011001000110010101110010110011100000,0c40580832330c343e00103006413503f0a71420902a2
172,84,101101011010100110110110110111100001101100010100000100010110110101100000110111101111,2f50ef0a605b0480c609315001111b0b82390f616b1a6
173,71,11001001011000001111001100000010010011101010000100100101000010110110100,0952544482d30380b50ce04700b08e0ac0110a7075181
174,87,001000111111111011011111111000111111101011000011111000000011111000111101111000001011111,02e0780260710760a206a0db11d00d07324132a53901d
175,82,0010100111000001110001100011110100110100101111101011101011100011110000110100000110,2c907604d04116012401810810906a0624810400d411e
176,93,001100101111011111100101001110011111000101001011101101000110011100011101100111001100010011000,0402180051e62ea0584721b407001600d08303408f075
177,72,010101111011001011011010011000001000111011111111110101011101100111001110,0ff0180102162100022f710e05e0ea18911c05511d149
178,92,01100100011101101011111100101101001000100010011100000101101100100000111111000111000010110100,1a902409611707f3ce1ee0db12c05f1b913500e0be023
179,112,1010000111101011110110110101001110101011001101010011000010100100001100000010110000010011110000000010011000001101,0191b52440d42e503002a00d2db15508b1ca0230640ba
180,119,00100010101000011000001010111110001110100100110000111100010011000001000000100100000101010001100010100100010011001001101,0511fb04e01d1340bf1c711e0290f505403d65903502b
181,107,10111100010000110101100111001110011101111101111011111001101001000000000110010011010011101101001110101001001,11209c05620001f2bf3b90b013d044173074019024109
182,83,10001001100010001010011110100111101001100000010101001011001011111010101110011110111,0a31eb22a47e0b202c1092090360300361490140300ab
183,67,0001111111101111011001110111000110110110000001101011101110100000011,1160521f705f28428417f11c1540001ef00d0f404600c
184,89,11001011000101011010010001000011101000100101101100001011100001010011110010111000010101010,05d2251731240e606210220914818811300823700a061
185,120,000010110011010011010100101101010111001110011000010100111101011100011110110101001100000011101101100000001000110100111101,1751370e91d507404210c1710160531fb200051152153
186,104,00100101100011001111011011100010000111011111011101111011000001101010001101000111110000001011101111101011,1cc0b60111f905705901718e15c17c22a13a00126b071
187,68,10001010100111110011100110101011010001100010000110110001000101100000,1b825904201902a07b08f0ee07c01f0151f73da0e3207
188,81,000110000101110101110100011111000100010001110010001101011001011010101010101000101,06c07901e0a804f24d27210a0800ea40b11a05a0b8095
189,117,011011010010001110000101001100011111001001101100101000010001111111011110010110010001000100010001001110101001100110110,34c00a2360a11300650ea0e50681880331cb13409f0a8
190,79,0000000000110110011000000000110111000011001010000100000111000011000010101101010,04b0100f70ab05825c0551a603401e2f21710640a1393
191,112,1101011000111010000100001000111000001111100001011010000011111101100110000100111101110010111111100000010111001010,2f011f13e0d91b70d011408c0e00230a11f600302c1e2
192,113,01001001001010000111101000101001001001101000100110101001111011100110000111101000000001101100010011100001010110110,05817015712d1aa0080ac16215020c03414f0df00b224
193,83,11000110010111110111011001110010110110001000001101101101011010010010101001101100010,32304b0050820f814b2ee1a41050f701f17901c14303d
194,101,10011010001111001011011010011011110100001110100010111010110010111101100000010001001001111010010010101,00420403c3ec1ad1c20771850b501602d0f40420421ed
195,72,001010111011101110110110110100111101000110111100111010000010001111000010,0cb0d004602e09f02f02508e0270485cc0f006b2222b1
196,118,0010111011011011011001011100010001110000010011010100100011010100000001001011111011100010100111111011111011011110110101,1fe0d41510d211e0a51b901109f25b0060523190cb041
197,113,11001010110001010110001111100111101100100010000010011110000101111101110110100110001010100011001000100011100010100,0780bc1621ce2b30ae0d40de1ac0040b914319b0fe03d
198,83,11101101100010010001001010111001001111100110001100100011001100100100100101111010001,21310200809d01a0ff01b1770aa1d72f416a0ff13a07d
199,121,1101100010110000010111101100110101101011100110111000000001001110011011111011000010111111010010011111110110011101110100100,07501c0c30bd00e0150e03e63dc03813303223604410b
200,67,0011100110101000011101001100110110111011110011111001001010000110011,4160601035610b40160471350250140b207708008906c
201,122,01010011100000000011011001000000000100100100001111101111001011010001011000111000001110000011110001100001110000101010001111,0280e116e0b702905f23c0a90b005b03068c0fe00f08a
202,116,01011101100111001011101101101011000110100110110100101101010100000111010011011001010010001110100010100110001000001101,38020a0030520ce04204f01a20c0e30b912d2d30f9000
203,67,1000111000001100011100100001010011111111000001100101101001111010010,0f70e51f609449f06208c0d420207e07b076177012036
204,91,0011101101011101111000000100110100010110101010011000110101001000110110100100001111000101011,04a19d04424e3f709318204a0560c90732b805a063022
205,91,0001101111001011100110111111101010000111111010111101100111100100001000011001111100001111001,0a208d28e11d00721200621a1f02270ba03107116f003
206,94,1101100000100000011011110110100001110010110110110011001000000001010011010001110011110111011101,0a412706b07c07100b0a12af05223041209c00d0a5198
207,110,01001000100101111111111010000010000010001000000101100010000001001001010000011011110011101010011000010011011101,09800225630f18d13b0730540db1800bb1e80e0054039
208,121,1101111011111011000010100101100110100100110110010101101110011000111000100001111000110110110011101101001011111111000111000,11706d02c1fc1981ae0530c710924a1131a4002059188
209,99,101011011100001110111110010010100000010010000110100000010000000000001100011100011010001011010100110,0190550021f20370de22d08704500712042531600e119
210,121,0110110000011001100000000000100110001001100111101110001101110001100110011110110000010111000100110100010010001110111110010,0120540961090981492b410916006202d2791212180b4
211,105,101010010001000100101010110000101011111110111100000011100101110110010101000001000111010101101011110010001,42209c0d30c504404c08207e10d01213f0564780010e7
212,80,00011110100001010000011101101110000000100001111011011100001010010000111101001011,04109f03812600d03f01b0bc04e1700cc1051b73b739a
213,91,0111100101110101010001000000111101010001010011111011001010000001100111100011111100010101101,15329f0421880ba0461081ec0da05b00416d2930e0031
214,125,00110101100100000111001110010111011110111010110000011010100001111100111001011011010001111010111111011110000011111110111100000,10f24f01819c1580271bb14a05b0b01dc01d2310850a8
215,114,011100111000110011101010011010001011000011001100111000101100011110001001011110111000101011010000111100101111110011,31807c3cb00c0351ee0af03316304929900302e06b0a7
216,112,0110010001010010111001000001011010001111011000001011010011011110001111100101011111101100011010100000100100101010,17313b2ed02b01b2c11190371f90000f300b0b40c4196
217,122,11001001001111001101101001001001010101110010111011010001111100010001110010110100110110110010111001011110001111010000100110,1f20320c32200dc00207f2940a00271100280b6207246
218,90,110000101011011100101100100100000010101010110100011111110100100110000010101101011111001101,41f05d01b1300400110f415611f02e07e0d504412d385
219,68,01111010110101001101111011111111110010110000110001101010110110001001,01e1b504134e15f0e90180c413645202f05308201e0c9
220,99,101001110100010101110010101000110001001111111110111100111110010011000010101011000011001111111010110,07343f00201112a0590d81c30f90c504e0cd05c1072d9
221,93,010011001110001000010100111010101010110011110000010011011111011111100011000000011101110111011,12e00b35b04402f0050dc5790fe0730ae05a0ce0e8068
222,85,1101100110100101011010000001110001100010010111010111111000010010111110001100001010010,2ac1c12151981c604503507d1a71ec0100c902f065021
223,69,100011100001011100110011010110100101110001010011101111001000001100010,08c0d102905b1852e503511107c05b0492500330ad417
224,70,1101101010011001111001101000001011100010111001001100001100000011110101,2701050da16a2ed04b0a40110290380b108b1341d11af
225,117,101101001000011001111101100111001010001100011100010010101010001000111011110101011111011011110001110100101001110110001,14b04e0a62010cd1dd0c01410ac00e0311a51ba03f285
226,115,1101101011111001010110100101111100000011101101110111000100101101111011111100010111100100101001110010001001100001000,0b40f607d19414f0c525c03f2891ef04409b11e03d0dc
227,122,11111110010110010101011011011100011110011111111011011110001110011111101110110001000011110101010001010100010011111110001010,02d11f0b40230fc0722f10590483221400311161f4137
228,67,0010000110000110000010010000001100010110001001100101100110111101100,0e808113908105b11614e0071230ac1fe0a312f24422c
229,121,1011111011110111000110011101011101111110001001000001110100100001000111101011001000000001110001001010111110000100001001001,17d09c0d10df0a400826a05616506915c2e00c8060191
230,97,0100011100000111000110110001001001111111001010110011111110110110111001001011000010110100010110101,11c06407d0200170d92511ea09b09f0050540ef5ae081
231,74,10000000011001110000001111110011110000010011001111001101000000011010100011,24205e00c0430c011e14d1950330c209336f0a709c20e
232,67,1111011001111001101101110010101011100100101010101000001111010010001,13e0ac00121a14007830408313d26213b00409603b104
233,100,1100000010010000101010001010010110111001111000010010111011111111010101111101010011100010011100101000,3df2e409903004614f1710540180cc0141090d10a419c
234,64,0011010001111100001000111111110100010001011100100000001110100100,0390ba0380650732dc23300035a0c706105319411d15f
235,126,001010000010110100101110110001110001011100101001101001000100010000010010001110001000111011111101000111111000111001100100000001,0972fa0790cc04c02a19d1632d91b41930770a702e042
236,75,101011111110111101110100101100011100001010111000001110000101000000110010101,12518d08811918603501018d10c0230c146708a0950d8
237,105,110001100101001100010111011011010010100101000000010111111110100111011011100011010101001101001010011111011,1c206804600723f10010203407d21d1b915c0ed1d009f
238,116,10000001110100111001010011000110010111011011001111111100011000010001111111000111011111000010001011011101001011101110,0270783f532f0b902d17b19400401614a10705f13a03b
239,92,00001010110011010110011110101001110011101011011110101010000111101010001110011010111010010010,06605810407c0df2440b71c81410aa18515918b1210a3
240,87,010010011010010001010111010110100001100011101001000110101010101100001010001000001101111,0ce1ed0e317433e06516a0ab06d1bd0240f705e0b30da
241,78,110011011100111000010011111110011000100010010000101101010011101011000010110010,10f0410d513812b0802761b91151770010ee0de244025
242,76,1000111111010110111011001001100011011010101111100101110001110000101011010001,14203c01523e1f30130c908215b22d0990572d011107d
243,117,001100111010110010100110010011000101101001111011101000001101000100110010110101001001100101010100110011101010001100100,0e413d0f000d21526c11403636c0581a602107210d007
244,93,111111001110000100001101111110111011011111011010011010010100100010101101010101000101100001111,4ce03a39b05d06d1a20420620911b708607305a054058
245,122,10110110111110010110100001000001100001001011101110111101110111010100111001110110000110111011110101110010000000111101000101,1510bb08d35d06d09c1b80042350a905a00b172032257
246,88,1110100000100101110001010101000111111111101111111110101001110101011001110101110011011000,0ee14501420f15908107409e22526c0a51ee0eb014092
247,90,000010010111011100001011111000100000001100000111011001110110000100010101111001000001000101,20e17f0410d20180f001d3090f000a2980031850aa166
248,124,1111101110000110100101111010010000100101001100111010000101111010001010111111001011100101000011010111110011110010010110111101,10b06a0fb05703f2a610506f0d92550dd0b113c147198
249,102,000001111001110010001010100001011001111101010011110010010010100011101011000110110100000001010010110101,1b809006103f02501f01711c0c400920552410717312a
250,91,0101110100000010001100111000011010101100110101100110110100000101011001011100111100101000111,1d203208206609512713027a0590e005804336a1f4075
251,76,0110010101111001011001000110110000001110010111000101100001101000011101111000,0af1b213724810539f0061660641120cf0160c106c080
252,95,00000010010100000101011111101010101010000000011000111000010000111010101011010001101110111101001,0e909300c21b05819646d0a008c09d19815f00109a0a0
253,116,10110110101100111010101110110101011100001111010111010100001100110000011001000010001110111101111101100010101100101101,12d24007900d03810f0ed1200230560283580d424a19a
254,104,01010110000010101110110010011110011000001110011100111000001010100110101110010100000000111101101110111110,07407d02c1580cb00a13f16200905a21f44324605a0a7
255,125,00011101111001100100100110100010011110101100110011010001000001101100100011001100001111110010100000000101011110101001111111011,00015421321c00c2f40bb16c0b700d01402910319d1ad
256,104,11101111101111110111010001000101011010110000100011101101011101101001000100101111000011101111100100110011,58f01d1ce1510b400309e00502923604703607a1f208d
257,86,10101111000000100110101011010101110001111011111110101110001010111101000010101100000101,0df11514305707317413e1054070c81140760e90bd041
258,86,01111010110100001010111000000101111100100010011101011000010110001010100010011000101000,10705a0e008319b36218804a0180a40971041e6210019
259,69,100100111101101000110010001101101000100110011111001100100100001000010,1470231300d009a08a1570a90f80d502706c3e21721b8
260,112,0100000001110111011011111110111001110110001111010001111010111011011000111111010101110110100110111110001110111100,03d12812f27513620300400128808706900720d093195
261,105,111101000111010001000110001000000010100011011010010001100011011000110000001101111101010000011000011001101,0f003912310d0062f20e009305b0a009b0ce03d2dd2b6
262,76,0110101011111010101010001000010000100110110100111001010001011001001010011011,09107a1421782d904a02f0f80572fc07f00a0a50c42a6
263,70,0011011110010011111000111110111010000100111001010010101001111011101000,01316604e35b07c05f0a11e513709a0201d31c70b3137
264,105,001001100010000101000001110011111111001111100011000101001110001010101101011000101111011010010101011111011,22f0270b52f30d904712d0960c018e0a012e1da11d004
265,86,01010111111011001100011000010100110110111001110100110011011110110001101000011010111100,0991564121da08305502c0fe1951870600010811c6055
266,74,01110011000011001011000011001110000100011101000011101101000001110001010000,08850a0260590a831c1e60aa00807606618d0bd01d049
267,64,1011110010111001001001011100101111011110110001100111010111101001,08014f42c0310ec01b07802602314644a0bc173041005
268,112,0100000001100100010101100011000110001011011000001111001101011011110000101000011110101110000110000111100101100110,07e02406f1d20a113a41f0200d11e70ca0cc02d0c91b9
269,112,0100000010011000111000111001011010001101011110010101110100001101110101010000010000010101011111110110110001101010,05e1681f604f18d0780d813e01a1cd1401d80cf0f6110
270,104,01110000010000100010011001001101111000011100010110111000110011111110001011000100001101100110011001001011,04b0181001760f707d0730af0032e10a613913f275211
271,77,01010100100110100011010001010100111010111100100111110111101101101001100110000,17f0d01161503c31650980b40c010112f100045061039
272,71,01101101011101001001100010100010101000001100010010000011010001011000100,1630340ca1500f00c70350ce08f1482900c62d10b40da
273,98,00001100011100100100100101010111001100010111101000011001110100010110111011010100100111101111111010,06b15e1fc0d304607820506002401d19004a1f70b6375
274,77,11001111000110111101011010010000100011001011010011100110100011000001001100101,09a2a40c50570611900a310217910d11612c04609d25d
275,78,101001111000111011111001111111000100000100011101011111111101000010100011011101,3451760841540d206d2202620ab0200dc00812e01f0a7
276,122,10101100110101011010011000010100110001001110101010010111010000000001011010010000010101111010111011111110101000000001010000,0a20310e706e16c0c33d115d0770b40e92f801413b018
277,127,1010100001111011101101111011010100001010010010111001110111100011000001100000000100001001000011000110101001101001101101010000010,14813801b0bb16606e05402e1d911e01a00c4771e50d3
278,95,00010110101111001010001001000001000001100100001100010011000111000000011001001001101011111010000,1e51971c30030331f123d04401103202f3450ab05415d
279,102,000111010010101010110010010110011110011000100011111011100001000100010010010110010010001111110110101011,03f0a605703e1151450920220ac0f12ab0d40520d652d
280,96,001110100001101000101001100110000101101100000100100011110010111010010010001110000001100000101011,0b40c419500f1dc0230e406b13f0920000303e91a91fb
281,117,100111000000110111110001110110111110111010010011110010000011101110101100010111001001001101111101100111100110100101100,08709940921d0830930150e007c17207423c04611c0a6
282,112,0000000110000100000001111110101100000010101100110011011100111011110101110110000111101001100000000100101110000010,17803109f04000d11b16310915608509b01f17a177454
283,101,10010100000101000010010111001001011101011011001000110010011000111010110111001110000110101110001011111,13c05c19507408d3ba1851ad11204e0f215202c07f090
284,96,111111101101011111111101001110010001001100001010100101011100111111000110001000111100111111000011,0070802a511923b19606303512c150071058289029152
285,92,11100100110010100100110001110000000101001111011111110110010101100100110011000010101011010111,0ba25c18909c07416204a0491a515a16819600417f0d5
286,111,001011011010111000110010010101010100101100101000100100010010110110000011101001010010001100010110111110110111101,25720d0ed0152461cb04128908820604f04800103405e
287,104,00001000010011001111110011010101001000100110110011001110100111101101001011111011011000100111111001110000,09b01733d01e03d04e0a50fe60d1020110e905e001155
288,115,1110111001011111110110000110011011001111100100011100000010110001110111000101011000011110010001101010101000000111011,13708c12a11708800d1290290ff01310316b0815b8053
289,79,0011011111010100111111101010000111000110011001111101000100101111111001000111111,00600038c2f30e803701507627b18711d04908415a082
290,120,110001111000100101110000110000100010011010010101011101011001100010101001100010101100100000000001011110100100111110000111,11501f14a0b805d2840b71691f31dc11719a0270650b4
291,96,100011000011100100000001110110010000001010110010100010101110110010100110100110101110001110110000,02a10f28224405410500d01102f0e81dc05c1701a521e
292,123,101011111101110011111110101111011101001111100011111000001101100110000011110001010111011000010111111101010011010010011110101,12812104a1da0573672b20f70fb0041ca0380bc02803d
293,85,0011011110001001010011101011001110011000001111011000001110100111000000010011100111101,2ce1090490f31a907601202914311d12b0e509e2a30d9
294,93,101111010010011111010101111111010011111011101000110111100100000001000101000100001001011101100,00b09e0e41d101102431e0800e109b07912c4ab0050f5
295,124,1010011010101001001100010111110111110010110000111000011010100000111010011010000010100111010001111001111011000010100101001101,3d70dc11b0090060a00f002410f0c22c10232cd0bc02a
296,75,111111110111000101001010011101110100111001010111010111110111010010010110101,2ae0b103c0150e40b025b14804846009d0ac07f09b006
297,79,1101110010000001110111101100001111001101010001001101101010011101110110011001001,0250260672650160b24f20b32c91d70440780ab01305b
298,120,011110101110100110110100011001111110001110010101100101000000110011010111101100101000110101101010110010100100100110011011,1440c610a23d02106000d0e31741f80801d001c146218
299,107,11001111010101111101010010011000101101111111001000001100110100111111110111110011111000001010001111111001001,09e05806317b0f20331630c40413f504d0de1fa04323c
300,83,11111101010101000011011010000000011010101100000101000100010011011101000110101111111,1a803c00012c20b0311c710207f15c40705d00e182014
301,120,010111111001011110001010010000111010011101011100111101101010111110111111000111010101000100010111011010111000111000101100,3671ab1080650340f824e0820731370310d415d050121
302,107,10100100011100000100100110011011011110111010001101101010100110011010011100111011100101010000111101101100110,1780130220b10c81bf0162b418917c0a40b932c0a5016
303,104,11110101110011100111100110001101011010001111011010111011111100001111000101101110011100010110100101110101,13e00b1d40200571ff21c0621721c71002580110770cd
304,76,1010110000111001000110111111111000010100010101111100111000011100011000110111,00803c2bf01204e03901708210f29621c0fe07b38b0fe
305,81,011001100111000001101010010011001000111000001101111000110010011000000100110001010,15a1550f90ab0330a909e0b311104f18c14e2a900728f
306,124,0001101111001111100101010010010101010101100111101110001011000110001100011010101011011001001100100001001111000101011110000111,1240310460e206e37c00d11612a0450d503210942f0c1
307,80,00010010101100011010110000000100111010000011001110011011000101011001000000010001,09510213b0960500380261e03a001f04001b1ca2231fc
308,100,1000011001010011000001011010111001101010110111001101101010001011111111100100111001010010101101011001,0940a70e814042a05303702601304b07f0cf2ae0ac2b6
309,70,0011101010011000100001011011100100101101110111010010010101101010110011,05c0011eb0d61391f51050813cd15a04707402314a0d6
310,110,01011100100010101001001110101111101110101111000111110110111110010101110110101011111101011100110011001000100011,00b0f32b80bf06f1f000a0f80060291990d30212ea27d
311,77,11110111111100010001101001001010111010111110110011100000010001101101101000011,04a1df18c02308b35734503c0681160ff01f00807f19b
312,67,0111110110100100111110000000010100011001011011110010010010100100010,09100604b0ed08b11200504818906115400902b2e45e7
313,76,0001000100111001101110100100000111110110001110100000101011111100000100101111,0860550a911019922a07b17c0334130b005302a0851b3
314,81,011010110110100110100001001101110011111010010111001011100011001110101001111000101,35413c2a50131111531460a103602008511619908005b
315,67,1011001100110111010000100001000010010000000001000100100011111000111,0d90350e61031840451521350e50680c231617c0df131
316,96,111101101001001001100111011010110101010010010111000111001110001111001001101001000110100001110101,2411100940ab0051e31d322912b0b00e210e1000b8003
317,70,0110010100010010011001110001111011110000001000111101001010101110111011,0dd0020f02b72fc0df0381f608407f0542780d90bd005
318,68,10101111110100100111011001110001110000101101100001100100001110001010,1ff1131801d72c809e06107c00e12200e05329410801f
319,81,111010000011011110100000011101010000101100001100110001100101000101111111100000010,12013130217113d0d528d0fe0110b91970a9061026007
320,125,11101101000110011001000011010010111100101001011100010011000000101011110101001100100000011000110001000101100110001101000010110,0f91571d932f3650ce0da0010cb0740f804304803f090
321,126,000110110111001010111110100001010011101110000111000101000101001111001110011110011001111001101111111001111101110000111001010111,1cf0d705c1fe0371a94990be07e03122c02602e05903b
322,110,11111100010111011110011000100100001000101101010110110110011101010011100101110111010111001101001101101111000100,18f00d0f31700501fd0ca06c24d1d100c13d05f098219
323,121,0000110011101111001111000111110100000000000000010011010110110111101001100111110101010100010111001001101101000011000111010,0ba0e40081b50511910480e50361d91d218805c163266
324,90,100100101110100110101001111111100100010110011110010110001100101111100001001101000111010010,0d20f20340b102903c1070841491fa0a93681750b81de
325,97,1010100010011111110111000111111111010010101000001000110101010011000011001101000011001111011100001,0781920b501501c07c2320b202f18c0b049403f241029
326,76,0010100100100100010010010010101110010110001000111110011111111000000110110111,26401449f03a1ab19a0610470ad0552c004407f01f016
327,70,0100001011011001011001101101101100111100110001110111110000110010000101,02f18e0951d600c16d48504100e2d51330000670330e0
328,108,010011011011100010100010011110000101001000110111111011111110010100111010100111010111011010100000000001011011,2a020a0a606401a0c50760e14750aa09304509a0dd0a0
329,117,001100000011111011010001001001000110011101011100000110001100100101110010110011100010100001010011100001010100000101111,00f0070f61ba15b04546905204d00002b24e0c530204a
330,127,1001011000011001011001010001001110100100101011011010101100011011111001101110101010111100111110001100011010111101101101011111010,10a0492d011e1224251190180c302308c01109702c1f9
331,128,11000101101000111000110001101000011110000111010011111011010111101110110010010001000010100000011000100010100101010111001001001011,0571190230990e206e17d09c3b71d700137602b01a11c
332,66,010011000101001111000000100100111111101110100100001110110110010011,12001e11e12c08900500b08b01b0840c75320b02f2113
333,115,1100101000111010101101100001110010111110100010101010101010011001011110000110100001111011111010000111010100011101001,09d0140f010f1dd1ec0e229b00713f1f100b10a04a16c
334,67,1000111111000010110110110100101000111011110111001100111110001111111,0e71bb01529126400401919e2531a90150b410d0030bb
335,92,11111001110110100101100110111010011001000011011111000010011010011011100000101100110100111100,1e603905e33b0b919b18200314c01b0e800609b252123
336,101,11001101101110100010000001111000101001011111001000110101011101010110010100110001111011011011101111100,0851041a612f2b12c10380c803d05f0e10460120a62b0
337,95,11111000011010011000001010000001101111110100101000111000001000001110000101001111001000111101001,0ca0cd09107b00c09907615804e04900275f24e07f01e
338,81,010101011000000011111010110000000010011000010001001101101001100000001110111101101,0461db04a05d03d00e0380244fc0810e62c41ac175043
339,73,0001000110000011101011100011010011111101110100000000110011100010001101010,05604b01120401914303d13208c10717c0a3050620055
340,112,1000110011000000001011010101101110110000110001011011110101011100111110110010011010110010101111100001011110000010,37b0e831003b0000de07204a00508203e1ea0a61dc181
341,115,0100011010011011101011101010101110011101000111000110100110101000111011010000101110001110100101000010100010010101010,15917b01a0fe32f0ac02b22d2ca1f906201202303204d
342,69,100110100100101101110001111011111100010000100000010100010110010101111,06a3171e003c05425d06809d0e823f01717e1b702c005
343,121,1100100100101001011010101011000110000110000011100101110101010001010011101100001000001011000111000010100001010011101111101,18f0a103e13401d1080621a30a10d108907a0b11bb44c
344,115,0110101100101100001100110100011100110101100011010110011000011011001111000111101111001110101011011000101110100010011,0040aa13117c01a0c315a05702019405803557c121130
345,99,001010111010111001000001100011101110011110110100001111011111111101111011100111011011001101001001101,06018106e06b1ee17d17720004701f0172ee0e5173098
346,119,11010010110100111010111101100001011011100101100011010000110001110011111111000000101010111011011011001101110101110100110,08801b0aa1180701980042092a61c512c0951bf11e076
347,107,10111101100111100111000110011110110010010000100111001000100001110001111000111011011110100110000100111111000,1d32920250290191b70ba03f0ef0831d22df07b1a7037
348,126,011011001001001011000110110110011010001010010111011000100111100000111011001000011110001010000011010111111110100011100001011111,05b1240cc0ab1aa1961ce0cc1b60ce0e710f10816803e
349,80,11110010110011101110000000101111101100010010001111001110100101001110101000110100,0c40b20bd0e806f04a04a01e0b45ed02a09e0b61f31aa
350,112,0111110000100110001011010010110110100111100101000001110011100100001011010110111011100110000110100100011111001101,1c11790100cc0ac05e01928118907406f0a407322c290
351,89,00101001011001110100101101100100110110010001101101011100111010000001000111010001011101111,03106904e0fe2840d904414f0001030530e40c807d5a3
352,67,0010010110110100011110001011001011001111100010111101111101001110110,48103600f36902500c0090e117c09209625c0660490ff
353,98,11011100011111010011100011011001001001110100101001110111001001111010000101110110001010101010111010,3ad1990472210271500b60c61a20b001e15b0330910c8
354,91,0011111010011011011000101011011110110001101101101100000101101010011110100101000110001101000,11619d2d30100fb11c25213300e06c02c00c0922c70bc
355,120,110111111110011001100011000000011000010101000101111110110110000001000111101000000111010110011000001001111000010111000001,28a08e0d20030d70311b708a05a1970561eb3e302b084
356,87,100000011100111001010000101100110111100011110110010010000001000100110011110010111011010,1111900bf05d2000082730fe2212cf04708e06b00c087
357,122,10101010010111001111010110111100000001001100101010110010010010010010000100011010011111111011111000010110011001110000011101,00d1630030bc04b0810a50ea00d1291c317168704c030
358,91,1111011100110011011000010101110100111001111001110001010010000100101111110110101100000100110,03102104f1470622930b704f0b803207508a1064742b0
359,100,0110100101000001100010101010110000000110101111111000000100100011101001111111101100110011111010010011,14a07f01a10e2ee05c1440632220c11e606f0c71710a6
360,96,001111011110111111010100111000100111101110100010001010000101100111011010001101100011001101110001,0b44580530190231d10960a12e303a06e0371f70b70e4
361,117,100011101110111100001101001010010110110111001010010010011100000010100010110110011011011101001000101110001111110111100,1011e401337121224d0b50cd1010a504d0910220240e4
362,104,00000110000011111011001100001111001011001011100000101101100110000100010001011011000010011101011011010111,0da15b0420172c201d1d22b00380650b7123041007349
363,120,110010101100001011101010110100110001100111001000111000000101010110010001001010100001011100101110101001001110000100110000,13f22e1630d935224d09e03a03e0290cf09301a11a0da
364,65,01111011000111100111001001101100010101100111010110011010110011100,0ea0b802d00100505c1252050c80c23e509833501f143
365,81,110001110000000100010100111001000110111001111111000010010000010001100001010110100,00d1e41d22b81bb07e09830604f04103b00c0e91160ce
366,85,0011101111101110110001000000100110011010001001001100101011110100100101111011000100110,1bd1261220801440f315715212212010f01f19a0ba0d0
367,77,11111110101111010010101110100101010000010011000110011110100011000011011110011,18b10c0980530450f51af3020a60ff01c1a210c1e5039
368,69,001110011010110001010011011100011111100001110111101100100011001010101,19d05303d02000b0740080b85cb2ce0d00fb12306807e
369,98,00100001111100100011001001110001001010011011100111011101011001000011000100000111100110000101110000,5e108d0690470780b709d1e30c603c0210601e7169059
370,69,001001000011011110000100101000100111111100011000111110101010001101111,0c63eb0250ba17822f12b1121de07d0d30150b706a020
371,85,1000001011001111101110110110111011110001011111010110010000111010010011110111111000010,03900f2e70530fd3f519f2730b71c700602305000c06d
372,78,101000010110100011101110011010111001101101100110010011101111011110011000011011,41324403a10010532a0750b404303805407116e00a057
373,97,1110011010000010111101101110011100111100111100000001001010111111111101100001001011010010001010010,18634701322109616108006c0ac11804807c313027053
374,114,000011100010110010111111010110000010000011111001001111100011010100000011100001100001100100110001110101111010101010,31f0db1930701bd10f0790a70ca1fe0240ab00c17e0ef
375,68,10101001101011100101111010101011111000000101101001011010100100101011,16710402940c29601127300b1870a50290a60590c501b
376,124,1010000000000011100110101010100111000000111010010101000010111110110001101010011000011101110111101000100010101101011100101001,07b0a429a10806b32505f05e0e10551a81b107013c0af
377,108,011001001100111111100001110100001000100001000000110001000011011000001101100000100011100100100111000110111010,0590ab08d3e506a00012603e01f17325203a43901a043
378,81,101010000100100100011010011101100011100110000011000100100001110000011011011011011,09d4ef0060a00c00a006b0a40cc1970f11281590ee095
379,71,00000101101000001010000101100110001101000001000110100101101101100000010,0ba0013741c90e703b05325d08a0f403107b11616d181
380,103,1011001111000000011011001001101100001010111010100111011100100100010100010001000100111101011101011111110,01921415133608c1911c907110b05a1f901b009115056
381,76,1100100100101111000010000000110111111111001111001000000100100011001001010101,0e827e01e00e0200392b00470ab16609417f1aa2f6051
382,92,01101110011001001110001101100101100011001001111010001110011011100101101010110101101011110101,02002b09d1053571890ee0020d204719130b1640cf054
383,69,011001000000010001010011001000111100110111110101101110010100101101111,17511308803805000e00a03c29813b29811623010e14f
384,104,00000110111000011111100110110100110111011011000001001100000010100000001010000000001010010000110010111101,2750c020206202206c0450361e70140921c501b16c37d
385,105,111011011011000011101001100111000001000111001010001111101011100101110010000110000011101001111110000010110,01213d09923b22c1d52d206102602d22002c16b016082
386,82,1011001101101011101001101100110111111111001111010011100101001101011100110100101110,1ae14629d1ac17c14415601f0741590cb18500e036026
387,81,001001100111000000111101011000000101011100011110000101000111110000010000111010011,10d06e09d0b200511100701110708602f1c05f21e10b1
388,92,01001000001001010010010000000001100100100100011101001000111100101000100111101010100110011100,01809a0e004c16a22a0c41a50a510b2aa0c41bc0eb057
389,101,11101001110100110001000100001110011110111010011111100011100010101101111100110111111010011000100110110,2bf13903105e00f0990760830df16d2721820ff244050
390,125,00000000101010000100111110011111011010001110100001100001000111100010000001000010011101111100101101101000100011111010110101100,20309b03d1a318d2cb05e1070720390091e41dd0ee05b
391,89,11010000100101101010000111010011001101000110101000101011101011001001100100001001111100101,14109c02a1f902247709a06800801c0192c027c07f064
392,64,1000110110100001100100001101001111111001010000001001011100100010,0501c11d02cc0bf0991de03c20d0af05110201406a14e
393,65,00011000101110110101111011001001010011111001111111101110010101101,09644b0fa0e11400310bd05e0740a50670a21d725a05d
394,96,111000100100011111111010001101011101011110000101110011000001010000111010110100111100101000010011,12a13565211d03e0c10e403204201401105301512c21a
395,78,011011111111011011110001001101011000100010001010010111110010000100010100000010,12b05221d0712ef0380a907d10300f04d05c0d00d6441
396,106,1010011101000000011000000110011010100100100100101011101111011011010110110111000111010111100010011011111111,0d71bf15124b0d600c05d17a0820200771701da07d22f
397,99,110000101101011100100011101011010110001101100111100000101011111110111100111001011011011011001100100,0a70fc0650494cd0990840a007d0e41011160af09925d
398,84,110111100010011010111110010101001000100001110110111111100111010111111011101001001110,0e425c01432f06208f08711500b0a21370190823840e7
399,71,00000110101010011110111111100011011001100010011010101010010110001100001,06c36410b00412e18911912107601c0fe06318523307e
400,119,01001000001101001010100100011111011111100010010110110111000011101110101001000100010000010111010001100111011101010001110,07704a0e624b3b00110c304e1d904215410f1d307f066
401,92,01001111001011100100001011011111011000110001111101010101001000111101101100110011111010000000,0120380060510020e131f2b40ac0870cd3611d907f0e7
402,90,000100110000100110101110101111001111100000100110010100101111111000011111011000111001101110,01001f14d13a0ce1491482de10408410113f1841b1009
403,103,0000101010110001100001010100111011010011110000110000001100010100000110001001110100101110110110110111100,1440750993360ef1590b311b1b800f0ce05a15d0fe10f
404,122,10011010111000011011110011110101110110110010100110101010111010110000110100111101000101010111010000011001011100110111110011,1742260370300442010d90710a302002206212c0b3542
405,76,0011000000011011000111000000101000111111111011100010100100000101000011000101,2bf1032b41bc19001702f2a501b03108b00f1e3021063
406,93,000110101111001011001011010110111101101010010010100011000011111111000000011100011111000001011,0a71223470dc11921806c02f12d12c20a0190c50320cf
407,109,0100110000000000110110001000101101011111100000001110100010011011100010011011101101010000110100101000101010011,1aa37502c06f1770a213107609307b0040ae01828921c
408,124,0101010001101011101111101001110110110000010000101101010010110000001111001001110010011101111110001011101010010100001100110001,1820a131c0090e901103101308134c0af2740ee04d148
409,126,001000001011111110110010010010000001101000010000010010100100010101111100001011001000100011001010111101110111000101111100110100,2920b00c200d33d04902506103f1dd0c41e318a127067
410,88,0111011010011001010000111101111001011100011000110101011011010111110100111000111111100001,05f20d0b324302b01e29b01c0ed46813704f03001a06f
411,106,1111110110001010001010000011101001110100000001010111000011111001101011110101000110011010110110000101001100,1163e51ae0e00231550930441460c423e02c0f40b3006
412,117,000110111001110100010101111111010000011100000010010110100011111000111101000101011000001111000111101111001110011101010,0c904c05c22a0791780491a00182a10e81e50ca0791ba
413,74,10011011001011111111100111011001001100110101110100110110001110010101000011,06609320202f0b10c90374530593870de00e09d07d0e4
414,109,0110000100001011101000001100000111010110100111000101000010011101011111010110011011001001111011111001010101100,0e008e1902150223b407509d01e0c324c1f003802c07c
415,96,110001001100010110011101001110100010111100010010100000000011010000011001101011011111011101010010,08609a12a06f22e0850cc01f0990f22820930f50ba353
416,88,0000100011000101111100010010001111001100001011101010110110110110101100000111110110010001,00e1ee1051b00a310527b2dd0360480fa06e09f1a701a
417,87,000000101010000110011110100111111110001001111110001101011000011110101011000011100000101,43d00d00005902d0b028b10708a05b0d12ae07a1610a9
418,101,11101011011110110110100111101111011100111110101000010111101001110011101111010110110000110101011000010,0120200be1c70a81120be0820b839b39701b01019a098
419,89,01100000101000001110110010010011100000100000010010001111001101111111001011000100010110100,0bc16d0a11f81900a60060df2320a30e427e10c0190bf
420,86,11110110111001011101010101011101111010010111110110100111101100010000001111011101011111,02d19b0c253316608313d07400618405d0fc0de0030e0
421,79,0111110100000110001000101011001110101110001100000100110000001110110101101111100,1cf3640060b20f61041bf23b14109f0c004c107023003
422,119,00110110100111010011011110011001100100001001110111001000100110110101000111110110110111010110101111011001110100000111100,1040941d618a05f0190de00122417c1db0cc1de0940f1
423,99,100010000100011010100001110101110101111000111100111011011011111111010001101010101101111011110001000,06806b1880423f705f05502b04a0ab17d10a09624a22b
424,125,10011111101011000001111110000100101011101100001111111110101010110100100101000010101001101100000001111010010011111001110110010,01902c0b22510af1f90e409f0b125f0db0940323ae027
425,66,111110010111011110110111010010001110001001101000100010111000111010,07c0f902d27c1900020ee14e0203af15413a0910670b9
426,71,00001011011011011110101101110011010101111010000100000011100100101011110,02009701726d4b402115803c0d60d60ec19d05016f061
427,127,0111101101100011011000010110101010111000111010010001111110011001011101000100111111110001100111011010111011011010111101001000111,3ee1000330ce0f722002105a01c06d06c0970521b12e8
428,120,110001101011000111101111111110101100101111000111100001111001010000001110010110011100111100101100100001100101001001001111,07b17011d00524a3880160261cf01207501b08b17d265
429,98,11100111001101000010010011100111000011000011111101111110110101011011011000011001010111000011000100,0520c11ef19c0ca15c0e404904217e0430cb1c326710f
430,79,0111111001111010010011100100111011101110110010100101111101100000010101111010111,0b60662471a31290ea08a0fa0310b24f510200901e05c
431,65,01010010001111100100011011111011000101010010010001010100011100000,1e50c325105a0190ef27402d0f910d03905e1ce0bc1d4
432,108,001001111011010101110010010001001011010110001001111000111101110000111101100110011100011101010111011100101100,2081d30b704e18406012314c04416702520827800806f
433,100,1010010101111001101111101111011111011101000011011100101100100011010001100101011010000100101011111001,07f0fb13405f21313617304806839902514505819f085
434,86,00111011101000101100110001100011001110111000011110111000011011111010110110000011000010,3b71570092ec1fe07e04708101309813c111095111015
435,128,10011100110101111111000111101101001011101100010110011010011001010010011011001110101110111010101101000101001010100111101100010100,03a11118b04213d0af01713e2b91a41ee05905325a04f
436,124,1101110111101110100010001111010001011101100001010110001110010001011000011001101011110000100100111111001100100110110110010101,0930310a42230420370cf14155d0f60ec01a00a029257
437,103,0011010100111000010100000010101000100111011001101110110001101101000110010001110011111100100010101101111,0f51871c20323180801d30e317a0fd06104a0231e5011
438,71,00011101110011011011001000010100011100000000010110010010100010100010111,0461d70ed16f0520c90540320c30e951d113001000200
439,88,0010110001000011110110100110111100010010011010010000001010111001100011110010010010010111,25204c2fd34506f11903e03c01409d03910b02906c28e
440,77,00110111001110001010000000101001011001000011111100100010011011100010100101101,13e4df11825a0560bd09100407000b26c0750790c5028
441,125,10001000011111111001100111101011110110011101101011011010000001111010010010100000011010101011000001101011110100101001011111110,28802105e06625037b1210990020b90542a709b062054
442,116,00010010111001011000000101010011011111101100011111010110111010111010100010111000110111001011001010010100100000000000,0360941be48525910a00c25a09d01801e06703b11109e
443,105,100111011001111110001110111111010110101100110000110111001001011011001110011011011010010111010001101101110,0f30da08301b19c0b31b00f20d30e30da0b829508623a
444,74,10111011110010010110001011011111010110111111010001011110111111101101010110,48c10609a00d11a03b0351c50de15002c0701401750f1
445,73,1101000000000000100101000100111001110110100100100001111101110100111011101,21801603d1cc19f05a0cb0d837e0c40640710f31ff01c
446,80,11100011011100001010010010100000000100111001010110000011011011010010010010111001,0d74d30370ae03d0fa1970890e00200aa0f5058184199
447,95,00000110000010000110010000111110101111101010010100000011010111000110001011101001111010110000100,4c90350df0bc03913b0290dc0d102b1460202621a507e
448,93,011100010111101011011000000000100001111010001001000110011101110010100101000100000110000111011,07d26d09510825704107d0121020c405b09a0812b125c
449,76,0001110011111101101110100000010100101100000101111011011100111110101011000110,1d202f0e905924206c0041300450f407f628059069031
450,99,100011111010111101110011101100011000100000100101001110100101000101010010011001111011110101101110011,1ec03c2201281210420160b41a911011c2d303c0ab0cc
451,99,100100111000001110100001110001110011011010111000110010001000010101000110000011100100011110111110101,0a51ca04326f1ad0f600908b01012f01c06300051c0c6
452,93,111011010100011110010000101100001110110101110010110000101100100011110111101100111101011111011,0352881740bb0ab0711350862410481f60e30fe1a2034
453,79,0110010110100111111001011010000000001100101001100100001000110001111011000001101,0011812031e913508a03e0120ab2c401e26c10514503a
454,102,001110000011010101111011011101111010001101011100011011110011011101001001100001010001000110100101000001,3ed0fa14d02510408d00c0350210603e702103f2310d5
455,89,11010000101001001010010011101010110000000000011111110011100011101001001011001000010111100,0131890920740533aa1d61871bf12f03d03a24304800e
456,87,100111011001001010110100111000000011000010010101000000110001111111101010001100011100101,00a1d216f49d0460be0a20400e101907802220001f277
457,90,001101111001111111010001100000100010010101111011011001011001100101100111001111000100100100,1281b100f0c305d1a70f105803609f04429f01440712d
458,92,01111010111011010000000011101100000101011000100111111000110011001011111000110100010100100010,01d03b1fb0891ad1eb1c10a108c19d1be0f209e0b20fa
459,72,010000010101100111010010000100100101011100010000001011010000100001010000,0a800704e03f1ea21f23a12d06419e0070b21d222309c
460,84,111110001100110011001101100011001110000101011000000000011000111000101011001100110100,10b07c0321b31832251320f233d1270340b40d607a023
461,104,10101110001011010101011111110100100001111101010111001010100010001011101100010111111110100110001100111010,04d10c1b719e0b414a17704301816104d28a03406c2a3
462,79,0001111100011101000111010011101010101110000110110110110011001010101010001100111,1163ba1f00e90a40be04d0ad12b08701005c2080bd110
463,67,1000000101010011011000111011101101110111110111001111101001111000000,59a10a0111520ac04e09909c1701fb05f01705615c02f
464,108,101001000101011000110111000100111000111101110110110011011110110001111110001110100000001010110111110000011000,04e33d02207d09c02501d30010f0dd00506a0de3a3113
465,76,0101111111010100010101100010100010001101011010101110111000000010010010000111,19d0f51a400820507514e06e0122471760441600c714c
466,107,11101100101101001100010001110111010101100110111101011110101101111011100111110111000110011000111111001001110,05c27d17814702715604808e2360722041cd0a00e700f
467,123,001000010101101101111111110100101011001000100010110010100101110001111011101110010010110011100001011100010110000101010110100,1380eb1661ce01d0a004d1842ef1fa111096101054030
468,94,1000100011111100101110000000000011010100101011101100110111011111001001011010100101001010010101,16b04430717714e11323306c05704c12f00706a27b00d
469,80,10000000001111001001101000000101000011111111000010111001111111000001111101011010,2c708312c01418227d05a02c28201c1d80a30c10480c6
470,90,111011011001010011010101001111110101011110011000101110100011011100001000000011101111010000,01714e0770870f53920d307d20703502d1be26e10901f
471,104,01000011111100101000110000111110011001100100000111000000101110010111110011001001011010000100111110010101,39125708715104209201a05506a36d1af08807d05001d
472,70,0001111010001101010001110010100110010011010110010011111111000100011010,0671d31e10ad0fa0131f000d0541810581140701ad2c7
473,78,100011101100100101000001111111110100101100000100011001110010100111001001001100,13610b0420751ef04306112513617a1e601e23803222a
474,67,0010011011101111111011110100010100010110110010111001010011111010111,05800a35519401d0ed0823110d316c18f0ac0f309e006
475,75,111000100100100001110000011101011000110011110100000000000101001000111001010,07b09e01218436e2071c80f40bd0570ed0dc0ba02f152
476,67,1000001010011001010110001011100100100111011111110101000110010001001,1d917745d0910510bb09103903d3f90430bf058052002
477,88,1100001110111010111011111001001010000001011110010100000110001011010101001110111010100001,2eb24712c03425104011c00509f2aa10b0010d103405a
478,89,00111011101100101110011110000010011100110110001101101000110100110001111010101111000101101,3c806618e03b10a0810920d108929f0d704809500d22b
479,74,01001101100010001011110100100110101101110001100010110001011100010000000111,0440a209801c0401020520732240e21f232919e07c21e
480,83,10010100101010000111010001010011111001110101000111110011010010101001110001010100001,12215607300b2230420c82612c31071ed06e07a0220b4
481,120,000011110001001001001011010101010111111011100010000100111001011000001111010111001110110101000100010010010000110110011011,0761981241cb0420d80891b80f70df00d19807717a234
482,97,0101000001010100000111000011110110100010100010001110101100111101000101110001110000010001011010110,00a0f908e1b707f23f00a0da10e0e20410a14420e0119
483,75,011000101011100011110011000101110101100101001101010011001110111011000101100,27107359409e0ce09c04116c10f0430ac0810d4005073
484,116,01001010100101101110111101110001010100011011010000000010101001110000010000000110110010101101011101100100110110100100,03310100207a0110f900007006457820809b1d60981e2
485,72,001100001001011000011101101110000110001111110010100110001001001000000010,0bf0a20030340aa18b0eb08206c11c01a2cf2ed14d215
486,66,111101000011010111111110010000000000010101100011010110100110111010,1530a735a0a32d81ae09c13106305c01700d04c26f012
487,125,11010111000111001101010110011101011100101011111001100101110010010111111001000001011101101111000001111101001000010001011111100,0420531751d20750e10880334a10120e200e10e2910ca
488,115,0010000101100110011101100111001011100101101001010001001000101101011100111001110100110000010001110110010110101000001,1531f303618e0830700920ec00f21d21702210d0bf24f
489,64,1011010101010000011010110011100010001100101100111110010111101001,0cc03c1a80fc2540e203403e0390b30940e50ce411161
490,115,0101010011011010111010010111100000100110001100000010000111011110110000000100100000000110011000110100110110110001000,0c314214e06702c00009820936804a13e1750950af1c8
491,125,01011001000000111101100111011110111101000000011001001010100001111000111001110110011110001000111000101111110100011010010111111,23817907808a3df0e70220312ac04b0120961230980d0
492,92,10110101111010100101011111100000111011100110110011111001111011111101011010100110000110101111,0fa0d400513226d27d0561dc0010e20550430d20992f4
493,85,1001101100000111010010100011100011010101000010010111100000011110010010110000001110001,0e709703602f01b03c01c07f1111a93062881f902a2bb
494,101,01111110010010110111010110010000110001010101000111000110000010101110100000100111000111101001001000111,05303140706d1b001b0830d000b09745900300b1d9101
495,80,00011100011000100000100011011110110100001010100101000001000110000010110110011110,0710e907811c10121b20410904e13c0420fc13b1a313b
496,71,01101010101010100000001010011100100111111111100011111101101001011111011,1a11670cb0eb12927613e0610f908915c0b8005202060
497,87,000010111001100110010000101101010110001010000111101101101101010110001110101010101101001,00a0b003401f31d0fa0c82e90d905c1f01230f402b1bd
498,87,010101110001010111000001101110011110100100000110011000000111101001111010001101111100010,10405f07f08901a02a0c402d02b49728818b0950da213
499,105,000110010101100110000110011001111011000111010101111100101110100101100000101001101101001110010111101000111,0e60851e426b22a0f223e0b601101106a10701810517e
500,79,1110001000011000010011011100000101100000010001101100001000010010010000001001000,06900f13d01a1501480ba10f03102d09b22d0f437e231
501,111,100001110110101111101011100111101011111111001001000110101001111100111110110100000110010100001110001011000011101,1b00140850880500b800e0a623433c1372ce07306811b
502,108,100100001011010010001000111001100110000110111111110010011001000100001101101001101101100010000110111100110000,1ff00656e1330c206905421902414008902a016156038
503,115,1000000100101011111101100100111111001001001001101011010010110001001100110101101100001001001101110111111010100101011,15a32a1b40000540a801e22b0861de06a0152a30c6030
504,91,0001101100011010100111010001001011111001111110001111001001001010100011000111001110010100111,17031701d09a0d407331200503e0d10b00570042fb146
505,117,101111000000100000000010100011000101111010100010100101000000001010111110011110111101100001101001001100110011001010011,04609a3010db1870cf01704c19706618b0900ce38201b
506,86,10011111111101101101001110010110001110100011111101101010000101011010100000010111010011,1ab0683592250780c809b1a307a0222ae05107b04d086
507,72,001110111001001011000000100011000110101101111000111000000001010100111111,1112ac00f02b08309100f08141e2a61e204805001d102
508,102,101100111111100010011101011011010101010011000010000100001011001111111010100101101011111110100001000011,1bb19304214023c0b00c201a04904601a3b20f30d2142
509,67,1100110001101101011111111011100000000011111110111000100101000000100,04e1150e204d02706c1363b00d22d217e1880d9002068
510,107,11110100111100010001011101110011010101001001010110001100010100001101100100000110000010110110000111101001101,0c111800e45f0ae2900161760840c30ca09404a092168
511,127,1100100110110001110110111100011100110010100010000111101101010100101010000011111111111110000010110010101110101010010010111001110,0530bd12300b0ad1921e207022534707d14d0ae0d2073
512,76,1000100011100011000110011111111000001011001001001110110011010111010000110101,13f02913208415016810010006e0a90180a917c27b253
513,93,100101001101001101000010011011111101010010011010110110011010011110110100001101101100100001001,02f0304b012203104b26f1e10b60a21130d10010111ac
514,118,1101000110011110011010111001100111000000010101111000101101110010110011011101101000110111110001001010010010010010011101,0b721b01d01b02301a1a908b0d134605e3e61770a6005
515,119,10000001011001000010011000010100011010100101000000011111010101010001001010000110001101001000111001100110000000110110010,2d003d1c20180df1c30c30af1e20ec15205c21800b060
516,72,110000000001101011000001100111101010011111000100110001101010011101000110,08b13703b1a20ca0531490351ea0301521812740aa1b2
517,98,11001111001100010100001111001111000010010011101011001011010000101011001101101011000101100110011101,1200800f30e001030c13c2580e30511f00b9079066118
518,67,1100000100111110100000001110010100010000110000111111111101101101100,1fc1ab0eb0f61390591ad02b15317e0da00727403a0a7
519,64,0010101001100011101101110000111010101101111110010110000011101011,20902f05605507201d0430c51231523110171243c30fa
520,92,11001010011111111011101000011011010101010011001011101000101101101010000011010010100100111101,0490720dd07c00829e1710480452af09a4190b60ad07d
521,115,1011110111100011100100001110110010001001000011100001011001111000110001001011011000110100101110001000111011001001011,06528a0b506e20002f0bd0251ac2ed0760de1f20380bf
522,84,100101011100111000110010001101110010111100001000010101101011001111001010110010001111,17d10a0ce2ec04920c20d06c1140cd07b10504700713b
523,121,1111000001101100110111101011111111000110101100000011010001000110000100011111101100100110110101010101100011110100000000010,00c32d0440530a50a30de12810200505d2d92fe03416d
524,120,101001111001000000101111011101000111111011010110101000100101000010110000110100001011011111001001111001111001111010100100,02c0bf1594a701b0540771300e80292300b915512c07d
525,73,1111110011110111100000100001000000010100110111111111100100100111111101010,1100214510330b109306b06a0e51d101618a1f315d084
526,125,00100011010100111101001111111000001001010110001111110101010100100110001011001111110011111001100101010100111100111100011010101,19f0d60aa24203902902728d1bd0fe0a501d0720e52ac
527,95,00100110111010111000111000110001100010101101011001111010000000000100000101100001100111010101111,3072281da1a704707d08902b0ae01019a10308204c1a6
528,72,100001000110011001000101000101110110010101011111110001001101101000111000,1140fb05902b1be11c03a0e227417705625406a18b0e5
529,119,01000100111010000001110000100111111100001101000001011111011011011001100000111000101101000011000101001000000101000010000,00d0ee0371890450241f104611b45e0f70261091191e3
530,82,1010101100010000101111111001100100101010011101110001011011000000101010010111110100,1130ce13904116e55e0810b302206b05e12f0000ce1b3
531,79,1000010000110010011011101000110001100100001100100101011010101000000001000010001,03b1c70550160a001a09919e2990033c70363de010014
532,115,0000010000111101111100001011111011010001011010101011111111011011110000011111001110010101011001111000010000010000010,0141e81dc0af03a16e1bf0581a71291c012303b1000c3
533,65,11101110010101010000111111000100110110011011110010110110101001101,0a40531b90d82932750de08100b00307034e0e4120039
534,114,011101000101010100010011001001010110100001100010011100111010000100000101111111101100101100000011010010111110000110,1b40540400573091890db04c0960da03c07c2190912cf
535,104,10001110111000011110110010000000101100110101000101001110110011000110011011011101101101000111011000100111,37709f06a07d04305414f0230002a50210c142811802a
536,116,10000111111001111100101101111110110111110000011110010010110101011100011101111010110110000001100101000101001010010101,2530231c900c03b1a11072c923f0c004c07e04f0c9121
537,65,11100000111111110001111011011000001110100001111110011101001001101,0a00611780a21be22300113b08505b1cf07801b0f238d
538,73,0000101111011110000010000011011011110001101000001000111000101010100111010,0bd0b30051f80fe12b0000c904f02302c18c2ab180344
539,114,110110010011010000101010111100001001110011011110000011000110000001011001001010001110010011000110000001111101001111,1d50860290e211d00c04c02239f1e10b327e023111116
540,108,100010010100011101000001000010011001111101111101110110010111000011011001110001001010001110110100111001111110,1641440cb07607201602e1ac0be01201641620708f21c
541,72,111101110000000110010001011011010001100110110001010101110100111101110111,14e09c02201112710d1a80d939e0d415b0e10691bf050
542,102,001010010011000110010010100110000010011001011110110100100010100001001001001000101100011110010111001110,2d327508e0440f20871421cb00006509722c178073048
543,99,011101010010000010010011101101001100100111001101100010010101001111100000010010110000000101000100111,1540d314603002001a00d01b2f11fb26c0fa0ad12d1cc
544,66,010001111010101001010001011011111110101101111010100010001110100011,2e61390730b103704a0071450eb0372fa1a4043154193
545,80,10000100100100111000011011101110110011101110000110111100111001100001010111000000,0be0421b907e34100227a19025d1c001e049028095035
546,64,1101110000110001101001010110001000111010000101110101010001101000,08b05b2eb01711b0332ae1080622860630a913b05118e
547,115,1011010011000000111111110001101001010101101110011001011000101001101000100011110100100000000001001111111001100010000,01c03b07b21c00e0441ea28c2281e40d221506b05808b
548,94,0111001010111000000100101001100101011101100101110111110011010110101000000010111000110011011010,01105429e0170f400c0d10522d104a2e402c1670482e2
549,107,00001101000000011001101010000010111001010111111111101011101010111011101111001111100010110111101100011011011,05b04010a07005311e07006d0f026929600c1a82511a3
550,120,000111010110110001101001011110100110100001101101011111000000111101101110000100011110011110110111101010100111011100001011,07a10821905507a1522120530c90890370aa0eb14d36a
551,106,0101111001111000001101000010001001010101011101110100001101111001111100001011001100111001011111100010110100,0fe02031007208d2660b501729e04b26603918607a011
552,128,11010101100011101000111011000000011000110111110100100111101010010100110100100000000100010010011111111001010101111100011110011111,0922f20060e61750a40fa0780dc05309c0a82680c725e
553,95,00010001011101010010010001111010110010101001111101101111110010100010111000111110000111110001110,05e07d0083200481d10c30d809c03b08d0b704e18d44b
554,71,10110100010100000011001111110111010010101110100001000001111111011000011,0740270e70c743d10f0562e503e11b02115e08109d131
555,73,0101000100101011111011001001011101000110110010010011111011011100011101010,0431010b81c90d409b0f92d60c113c03c1f70550a81c7
556,78,010001110100000000100110011010010011110111111110000110011100000100001111110010,00108b0fc0540a413571e02512601e09102102416f177
557,117,100010110111111011011011100110110100000001100100010101011001110001000010101100011101000010110101100000010101111011000,0840000b20b51992eb1090030a315548008d05210d019
558,75,100001010001001100111101111001111010010001000010000100001111010100100101010,0130de01c1e60220480a30030af3030110910423923cd
559,111,001000000100111111101110101111110010011110111011110100000000111101100110001000010011101010011010000101000011100,18701510706a06e0d719816908908f0eb27e1170e422c
560,127,1111101110011100000110100110011001101100101000101000001110101110010000011111001000001100100100111010101011000111100000010101111,0ad0380361323490ff08f04c07536a15202e2200a1069
561,81,101001111010001000010100100001101011010110100110111100111000000101010101111110010,1fb1092490040131440160142010b531212a0ba0900ea
562,103,1011011011101101101010101011001011100011100100100101101100010011010010110011100011000101001010101100111,10b04e0de10c14006703c0d908505d0370e81ca4f6139
563,88,0011100000011111111100101011000101010001111101001011111101001111101101000010110000100111,0e62322f609503d03311f0150d3120074003010521018
564,91,0111000111000001111100011100000001100100111011011111000000011100111001000101111100111010101,10c02318b11f0841f614f12a15209604f1692940f7001
565,120,111001101000100110100001010001000100001010001100100111010011011110100011110010111011010001110000110010001100001010111110,1190b000e0e225606c0020162320670d41971323430ec
566,82,1010101101101010000001000000010110110011000111001100000100100001001111111111001101,11b16801c04406900a27d26915a0120460810e30a5402
567,88,1111111011100110001001100010101001100000100100110010001110011110001000000101111000110011,45c05c0da0030490430e10d523915501a378076014077
568,99,100101111101010011001011110100101101111011111111011011100110101110001111110010110111101111011111100,1861950b014c0c50660951f104c14f1600311371db0f3
569,122,00011011111000011101101000101010111010011011100000101011001011111101100010001001001001001101111101001010001001000011010010,17604708106102416520712f0cf2050311040200e1391
570,88,1111100000101010001100100000010100011001000100000110010100110001101000111111101001010001,0a90cf05a1cd00d1121b613740f14412509a002109030
571,88,1010110000101011010101100000100000100000010110110000001010110011100001011001001011010101,0800af02d00e0b50140120d90184ce06418243f1bc011
572,93,010111111110001111010100000011011111001010111101110001110011000100100100101110011100010010000,03316e0865280190040e41f61cb0be0cf03d00205a1bf
573,103,0010110100100000111010001101101111001010010010111101001001110111100011011010011011111001010000110011100,06b01009510c1aa0cf1510b70cc07506e09417d3e81b4
574,111,011011101010101010000000110011001010100111100001001111100000011110111010011110011011011101011111001111011100000,0870c600f46030c02408e10d0a011f05300c0fb222037
575,76,1101111001101011110101101001100110101111000000000110100111001100101100111101,08f24207d12e0f80201340e144d19202c0fc09e071038
576,76,0101111111001100011011110011110010100010111101101011000111001000100111100101,0f30b30e70df0850a002e06b21e2591ca1161051a60cc
577,123,111100110100101001111000100001010010000100100111111000011111111001101011001000001111101011000110111001111000111100100100010,05127218311e09f1211a42050f300c05716e05f191079
578,118,1011110011001001011110110011001110101001101000111101011100100000010101010110001101100011011101100111110101101101101110,2260f42230360f20fb12b05602208c1560a020f0e1184
579,96,110001001001101100010110100001110101001100100000100101011111110001000100111111111000110111011010,13b1910560470de0160140bc45315d1b5015199146074
580,88,0001100010001101111111111001000001011110001000000111100010111000100000110000000001010011,00001a01603c11d0fc16f0b90fe1610f303f47a01d322
581,115,0100011011001001010001001101000100010101000111110111111110101101011011011111101110101100111011000100001111100010101,1362aa07d0a82e91ed1880500ae05609108e00701d1fe
582,81,011001011011001011100001101010000000110101101001011110000111011110011111000111110,00316f0d60e205300502d1ae13a1310e23d91291c208a
583,76,0010010101101000011010010110000011100010101110100000100010011110011110111011,15c1e30ea02e1f20420a32bf0c505218e093212042080
584,81,001010011100000000011001011101110000100000111010000001000010110001010010110001011,04207652801705e29601a0d324b01705403a13311c0e2
585,90,001101101110011100101001001011001001010110011110011000010001001000001111010010100000100011,0ba0142160e60341bc1770ab2250b904c01225f0f818b
586,119,00010110110111110100100101100011111110110011000011111100011000010111101110010100001101100000101100111100011101010111100,2db21d0811f81d806a23b06f01111f0de06c09500208a
587,75,111000111110110101001001111100110001100101111111010000001000110011010000101,03c1531321442201db05e0770fc07518216513012d06e
588,85,1001111001111010110000010101011110101100011010011101101001100100011110111100100011011,1843df00c14423906705203706f11e00106521d0fd10f
589,122,10011011000010010110100011101110000111101111011101111110001001000101010100000011010000001011010001011011101010011110001100,0a10f21033b928702309f0451582cb06d09803504607a
590,85,1100000011010111101100100110011011100111000101101110111001100111110101011001010011100,13900c28b0b81732080ae06503b1001f00860c8025242
591,102,001110000110100101111000011111101111101100010011010001001011011010000010100110110010101001101010010010,01553a3b92a70b105b07107006203b0d70230080180a6
592,92,00101101010110001010011111010000001011101001001000001010001100111110011101001100100010110110,15c1cf4f514f0ad0610542610ee079010087071035022
593,127,1111000110001000010011001011111011110010011000100011011101110111110010111100001100010100110110000011111001010010110001011100101,05421e06d03606110a03b07b06916d0a81e91da0bc3c4
594,122,00000001001100111101011111001110100000001101101011010100111001000011111000110001100010011000011001100110010111111010000100,0372a71a900012d0a631d26109518204103d02e0cf08e
595,90,111000001000000111110001110110101111101011011011011100010100011111111100110110000101100000,06001c1c309010a01416e2a81e604601a3e601a0be0f1
596,120,000111001000011110111010000110011001111010110000010101101011011000101011000100101111101000000100101111001100100001100100,0b72851110b90010c412513621000738a01e0d80650d6
597,115,1000011001111110100110101010101001010100110001101110010000000011010110010101001100011110011000011100011001000011011,03f1ae4950020141de1790360730830980d233a005033
598,113,00110001000101001110011110110000101011101110000110100100100010000111111000010010001011010110001000000101111000100,2251dc1180180fd0a208106309433b1670cc0171c8062
599,87,111110100001011001100000111001101100110110001000001000111000011000000101101011110011100,28d21c08a06721e04a0391b802c06f0370f11ad07821e
600,118,1000000101010101000100101001010101010100110001011110101010001100110000010011010100101011010100000010010110010010101110,1f606010b0141d532130725f05c0400080f5046005043
601,79,0101001101010010010100001010111101010111101001000000111001000111111101000011011,03300f09d02d0ff1500af25d10d0f53351360d416b0e7
602,121,0101011100110111100111001001010111001011000010001001000110111000000111111000011001110100001011110001101010111000100000000,00c0dd2821f907401016910b2a20b304706d04905b2ef
603,116,01000111011001110011001101100001001101000111110000100110000001000100010101111010100011100110111111101111001111101010,02f10106d11910569f0a80241f50010c904d03e06d11c
604,75,001010001110011011010010000111111101101101000111101000011000011111100110111,0ae01e0170e002c0392ff5261c11620171a30060220a8
605,79,0001011110101100000110000010101001110110100001000110010011101010010110100011110,06b0f601851419f0661ee16902506104308f06809b1b5
606,102,100011001111011001010011100111100011011011110101111110101000010001100101001001001100100110000000101001,0020950a50651cd03c2382e219e1610a002b19e0b111b
607,106,0001110000010111100110110101110110110010100010011000101111010101100110001100011001101111000011001001110010,10d0de07306c1071282c808a0e206d02126810a2b4016
608,110,01100001001001100110001111000011011010000001100011111100000000011001001010000001010101111100011110101111100010,1c010d10e1501080940bb0210ea0651ea2b60cc117083
609,109,1011001110110011110010000111101111011000010010110001111111011101010110000011111111110110110011110011010101001,2970ca01446225602e12f03b04901f1190180f808c115
610,116,00001011010011011110101011000101101111001000011000101101010101110100100011111000110101001100110101000110101110001000,0800df2410310540a70fb0bb35820304631300107d044
611,98,01110111111011100110010011001110110100000010101010010011000010000101001101110101011011101001101011,02f11326c1bb1330103cc09a01742e024011028013030
612,91,1111110010001110010000000110011111110101100101100001010011000001000111001001110111110010100,01008f03b0fd1051372ff1a203e08c3210e300220706d
613,93,011101010011000101110110111011000100011110110111100110000001101100000110100010100111101001000,0380d900700500100c3ea18109c15c0a80fb3d31400b5
614,78,101101101011000011001011010010101010000000000101010101101101011110010101101011,0bb2f00a401b04a0ee05711102913c0f513905740c0f8
615,93,011000011010101010101111111011111110101001000100010101111011000100010010001010001111011111111,04819107604b0231660500253253f305f0520921ad158
616,113,00011111101110110000000111101001000110010111011101011000001001000110111110000011011111110011110111010111110000100,0443850390a504d2d80e202622b08215c000095074213
617,105,101100110000110001110001100001011000110010111110010000010011011010000110010010110101010100111100101001101,08b16a07a14f10d03406a03305b07e0731f50181b954a
618,113,11001001011010100001101111001101001101101011010011101100100000010001000111011110001001001010001111000010111011110,01f0cf05c09b23417029e29b06709202b1d613b0ef010
619,95,11101010110010000101011100011110111110100000001111111010000011001100011001110100110110011100001,0d008c0bb1af0a70ca0652990ea0d504b04d0c02f31ba
620,82,1011111000101111100010100010111010000100110010101101011010010010111000110010000100,1e913202f1c50f519715d09b09823711211501f05c0f3
621,68,10110001100011011001001000110010100000010110100001011001001011010111,33e0810450840d301e1351821a211815c0e71cd0b404a
622,91,1100010010000101001101111101100010100001111111010010001110110010101011000111010001111110000,15a0cf1bd01a0e51c409600e0094be0bc0160e00a1192
623,113,00100111011111101111110011100001101011011100011001010101000001110010100000011110010100110110101000000111000000111,0f30ab13621e00a0740040342fa0382291301730ba19a
624,80,11111110000110101100100111000100000010111111101001001100101000001111001001011000,0df12500f08e01904912428d08150708a02718701d168
625,125,00111101011101010000000110010000011110110000101000101111100111001000010010101000011110101010110101101101001101011000111011100,1df02a03704605d0220911401f622209c0f533620f036
626,87,011110110111001101111100001000010101110111000100101111001111001101111010100001111010111,10b08111106211a1430222740d51872920510d40121e2
627,88,1111100001100111101101101011101110000101111001001100111110011011110100101010010000000111,11f08806d10a1420062324c40c006b17b03f0c40490aa
628,83,01110110011101111111110100101100000110111001100001101011110000010111110111000000100,0172f82d608d0951a13210c90ab04701009e0c20a805d
629,91,1011111010101001011000111001000101110000100100011000010110100010111111110001100100111100110,3770820bb06500f01d0c200a2630bf0b31431ca090277
630,89,11101010101111010100110111000100000011001100111100001010001101010110011001000100101101010,0dd0d941404a08507005c06a08509c04733421c07d0f3
631,80,10111001101011000101100110101001001111100011001000001001110010000100111100000011,08815e01d15132228400414a0461102930070a1098088
632,106,1110101001011001111010010100101011101010111000000111111000000101000100110010000000010111000101111111111011,04606f0f41030c906a0013040601621a51db0812f505c
633,71,01111111011111101001101010111000010111111101111101101011100001101101101,07f0760600c407b0ac04205910a0d000322300e709105
634,75,000101010011111100001110100010100001011011010100111101101101110000101001010,14802402d19707f3f30dc06e16705a1d81770820db09f
635,126,110100001010011111001110101001010111100001001000110101010101111101100011111110000101010100101100101101111110110011111001111110,06d0690921810c709201f05e2c516728f05810c313008
636,72,101011000111100100101001011001001001111111101000110100101001000100011010,1b10460661ac13d01929f12c0680a803f0e53c4086052
637,109,0001111101101010010000110110110000001001000110110010010001101001010101000001000001110111010000001001010001101,1a503932802d1b01501890870a1249124063090093020
638,79,0000010001010000011110011000011000111100010010001100110110110000011010011100101,10f07a00c06b41f24d02704a0b304c19f1211be068137
639,98,11110111010110101111111111000100111111101010111001111010000111101110110010011001110101111110111100,17512c3080d80ff1f90260180040bb1f307401c1e411a
640,120,010100110001001000010111000110101101011001000000011010001010110010111011111101000010010010110111000111111000100110000011,0c21790336d90b21200ab0721700150f005d04a08801f
641,82,0100101111110001010101100010011010000111110101101111011011011000011011111000011101,10f1410d300119c20b21f13000c09e07e0bf0132bd127
642,102,101010101001001101110111110010011111011000111111011010001001110101101100100000101111101110110100111010,02f00017004a03307a03906c18b1b633208201816344f
643,86,00010100000010101110111011111110110011010100110101001001101110110110100001101011101011,1701460171850b40a903b0ba0e70ca1f00cd22f24f069
644,74,00001010101100011110000001011001110011001001100101000110101001110000010110,0d717f03b08f01131708310e03544b01b0e20ee10e0a5
645,92,00000010101101111111000101011011011111111011100111011111000001110011000000100011111000110101,10428d10916b26e10f00209a11104420505100e12c0f5
646,102,001100101100100100110000101101101011101110001000110001001000000010101010000000100010011000110010110101,1aa06407c0d409f0d203d00f19a0a22b31d20b61d818e
647,107,01000111011011100011111110101000111111110101110011110101111100101100010100010111111110101101111110001010010,1610091522672741310152010c902d04d16b14701610e
648,97,0100010110101110110101010111001001010101111101100100010111100010110000000000010011011000001010100,0a911708b38408a2863eb03d07901608b01800e0a2110
649,74,01111010110010101101101101001010011101011100001000010000000011111101001110,21f55d1770a90550580fa0cd01d10908401306501f1a9
650,116,10011110111000000101100100110101110010110101010010000101110110000000110111101101001101000100100000011001110100100010,0cb0880aa0f83bd1330d21412820e601305902a0031ff
651,68,01111101011110101010011000110010111100101011001111001000100011000000,0562a51bd01203a1842851f000007101d0e102812423f
652,120,000000010011000010011011001110100111110110010011110011010010111000110111111000100001101001011111011101110110111010010011,26735608803d0e10560b602f04d0b341a0ab0680f8036
653,117,100110101000110111000001101111110111011111000010111110110011110110011010111110001001101000000110000101000011101001111,3520222f209c01106312208b3ac0ac0410241b3015051
654,77,10100011011011010110000011010000111011100000010101011000101110101000100001101,18009a37815607a1ed01c16b1b206115702300c057132
655,114,011110010001101001101100101101110101010110010011010000100101100010101100100001100001100000010010100101010000100011,02707735103c0b601025a3952be1180c801603b00a01e
656,66,000000111111100011010010000011001111011011010001001001010100011110,0001710812a80bb0aa09e07733008a2260020e90db13f
657,90,100101110101001000000001001110101101001101110110010010000100001011101011001010011111001100,09727213a06701120800030906302c1911470400eb19b
658,76,1011000010100100001000001100000001100111001001001101001100100101100100011010,07e18f0620c102002b04801a0e11e90084012600192cf
659,107,11110111001010110011100110010111001000011010100000111011110001000100101001100010101011110110110011011100100,06801e0e321f0fa01604303b0df5271050750c91bf0dc
660,104,00001011010010100110110001001010111100111111110000011100100001011100000011101111111111000110000111001111,0072061262cd10a0200d009e4de03911d07e02c063020
661,83,00100111011000010110100000110100010000100010011111111000100000110101011111110011110,3030592a40620b60860840c81240601100142780e5109
662,79,0101010000100000000000110100101110011010110010101111010110101110010110011001100,12003502802304107d2c80090141241981a82b51a31f9
663,101,01101110101011000111110101001100100000111001011000001001000010000101011001111001110110111101101011110,09f21b11b02e03500605504607919415c3812f511b024
664,127,0010111111011010001011001100110110110111101110001011010001011001110010000001100001110111011110001000100000010010111010100111001,17305b0e609b12021e13101b0b004700218a16b24b1e7
665,117,011101010010001001100111100000000010010011000010011100110001010000001100010100111001110010111100011101101000101000011,05f0e50fa00e04610509006306512b02e06112d1fb627
666,74,00110101010011011010110000100111111101100011110111010011100010001010110101,0b30781752972820190d80070f529f0651860cb05a0a4
667,79,1001001100101001100110101111110011100000110010000111100101001000100101010110110,06507c4a308c07e0400e70d60220ab0bb00d2a027b0bc
668,100,0110010110010011101001011011100110011111010010100101100001000100101010011100100111001111001001001010,08832d2d11061210fd03801c01d10600b2771a505a056
669,71,10101010001101111100000010010011111010011110110001111000111101111101110,3dc0680540283120610a601e0b61841541341020590e3
670,76,0001100000111101110101000111011011000000000001101110101010101001100100000010,0230aa0442f436305b02c0b20ac16f0ee19a01616a135
671,75,100110100111101010011001110100100000011101001001001101011011011010101111011,0c61d621d06f10909401908821724b0452d5091012075
672,71,00001100000011110110011111001000010000101010110001100011010001010000011,1d10c029e0fe18e21b0172850cb01102f0b30e70e2000
673,100,0000010100000010000111010000101001111011001101011010010010101000001100101111110110101000001010000000,2be04105e0c40322200003d5248078095141035050095
674,75,000111100110010100010001011110100000101011101001100101110001111101111000110,0dd04a0030f124c0b20c81ab19414e2c60900b002715d
675,99,111000110110110101111010001000010110100111110000110011000001011001010111011111011111101011010001101,1a908d11b2d71240901ad29e09a0170e81430b0045000
676,90,010101111111111010001000000011001010101111011111010010011101000111110110001010110010100100,05b09714311d47713f1b80101ae0fa0cd00104a0dc08d
677,74,00100110011111001100001111001001010010111010100101100001010011101110100110,22a04904f01308608c18702d22f17413201505f3711a4
678,78,110100110001101011001001010000000010000101001010000100011111010111100110001101,13102006e06b07c11612d32620a16925409d02e06c0ec
679,110,01100111110001110111000011000110000010111011110011011111110101011000011101001101010111100010011001101010011100,0762f80611d308506204320d05d0230480ce3ae143099
680,98,11111101010010111101111100101110000110101100011111011010011110000000100101010010100101000111001100,47204001004d12d04710a05c09e3b42cb038068012040
681,73,1010010010111001110101001010001110010101000010001110000001110010101110111,02a0452bd0051a50e220b0ce0e70140b41b313e176152
682,65,10001111101101111011010001001100101011101000011101011111011001010,0cb0e90ad1a41054a329d14205c05102006a08505605a
683,97,0100110100010010001101011011100100111100100011010101111010110100110101010100111000001111100111110,1931360bf0240da02d02a2272220951db23609513905e
684,72,100110110100001011001101010111111111000110011000010000110011001010010101,00a0372080ff21c02016d01002906c19f15905708448f
685,115,1000110100101100011001110101011111111001010111010101011010110001111011111100100111010100000100010111010010010101101,07919207b0e10580540e801f4bc29805905f0280d71d6
686,105,100001101010111000101100010111000100100100000010001011001011110100000001110010000010011000110001001110100,01b0730ec0443922131301310930bb08110e1770181c8
687,98,11101000001111010001011000111100010101010000010110011100001010110001100110110001100100001100011100,07219e0940162a400c0fb12638012708c0c41a60b101f
688,124,1100110011110111011101000011101010101110011000100100110011101011010110000001101001001001010011010111001010100100100010001000,15e09e1f105c0ad00e01d04178f1c808a00908e01d002
689,96,000000100100101110111011110010000110110101010100100010100001101110001010101011001000100000110111,10b29020e0ad09113d3fd0f10080d70270140d80b4040
690,84,110101110101101001010100011101000111010010010101111011101100000000110000000111010111,1172b502f0db11a0c31040711210150ae0a80b701347a
691,114,000011101101110111000111000101010010010100001110010110010110000111111110010110100000010100001001110000100110100100,15f19124701639e0490390640cc04b05f0830e10f8255
692,65,11100001101000111011010101011100001111011011000110110001110011001,1a20d837c16001f1780040380250320750870c2193329
693,83,10011001111111011111001001101011011101000001010110101110111011110010100011100101101,38d00b31b00c07c0880271080b301b01c3a3112022146
694,70,0000100101011000101110101011000100000000001010000110011000011101100000,4b101325219912602701e02036501b03401c13d049066
695,67,1100101101001111010001101010000111000000011011000111101111011011100,0a71f201a02734f05f07704d1201321c10d322f0f20a5
696,124,0111110011010000111001101101101000011010111100110111011101110001011000010000101011101010111110000010111101111100110011001000,00407619634e0c524d0a318001d0af01f1690ce23c007
697,120,010110011100110100000100100000011000000010100111000010100010001010110001000000101011110100011100010111101001110011000001,1250c40f30191101f61950720680650a536a0e00fd13d
698,92,01001100001111110101000101110110010111011011110011110111101010010101111101110000100011100000,27d1c81720c70750932e50a908e00c0920351b3167069
699,121,0000111110000111000011111001100111101001101110101001110011101111010010000111100100001110000111001100101001000100001111000,1160d307f0320382191c90eb11b25c1ad1a512900c05b
700,68,11011111101110010101000001110011011001001000111010111100100001110110,04100404916006509717c11d30a00a0362b824f0f4131
701,102,011011001001010111110000011100101011000111110001010010100000000110100101110101001100010001001100011110,1c32a510806430c1e101905c0320c010c07a11b0d0060
702,125,11010001100010100000010110011010011110110010111011111000100111001110110110000011111111110100111110000101100001110000100011100,1ca0ce06b1140d906b0e50980e301506c21c0732dd252
703,101,00101010001100011100000001100000001111011110111101111111101110001111100011010101010100010101101101111,04f0540023282641b10830782290c60c40020871371aa
704,95,10011100011001010111000100000000000111100000111000001000010110010000101111100100111101110001001,3221ae32a00210400816b05c0520670192680890950d2
705,115,1111110010011001001101001011011111000110110011111011110111101011000110000110011000110111110011010110111110100101110,2740bf2790050d334d10710401d0f600108909105319c
706,85,1011100111001010100100001010100101111010010010111010101011000110111101110101111001111,1a913300300f06a0570c509012935b08e0e50af0543f9
707,101,00001111110111110010011101000101010011010100100111000010101000000100110100010100001010000010001010011,05a04200c10209424611a1bb0300023ec0440cf03233b
708,99,010111000010110011011000111101100010000101011110101110011111010000001001100001010010110001101011011,0061e001001a0d11542e700103d1cc0aa04630d0152c3
709,68,00001101010000110001100101000100100011110000010001000101011001101101,17f0b70550222f421f12a04508228208f0df032100126
710,104,00011001111101100010100011011111011110111010010011011101010000010010111011101011000110000110110011010110,2b40a80732821f70fb16607318e19112c00601b04b026
711,125,10101010010110101110001100100000110101100111000000010100000010000001110111001100110110001001101100111010010011001100111000111,03d1021af15b0323380a502a06a02c13c03c04e092488
712,121,0100000101000101010011010010101010101100111011011001111111010110100110110000111011110011110100100010010011010100101001101,06f22118106427f0cb19d00006004619a1e2000101178
713,95,00001101100110000100100100000110011110101101101111101100011111011000000101100010111101001110000,1b10b32530873090ed15302511c1a10b104b08700b102
714,113,10010011110010001011011011011111100001110010110001010011010111100000111111011010111011011111000100101011101110000,41703002b25017108d09e0840651400c32f908c00a020
715,110,10101111100100001111010110011001111001111001111110000001001111001111101101100001110100000000000110111010101101,17a0180cc0b204603726c26814826e0ff0fa04c196007
716,75,110111011010111000111111000001111100001001001010000110011110101000011110101,0df0d21513522e100b0ed03703d0430d10ef0e515411c
717,120,111000000011111011000001011100001100111100011111000100000101000101010010110100100111010101111101001010011010011101011010,0292be02400602b0ad00135e01448d02f0550d725905d
718,87,111001010011010100101000000010011100100011110000011010111101001100000001110101000001010,04915b07e13e0c605401307724505a4fc0740c70791a5
719,66,001011110101100000010111100001000011100000110111110011010010100110,0362fd05b11c0092130322043490d50600da0bf05f087
720,68,11010110001100110010100100000110110011101100110010101100010011001101,15012a1433780650730f50a41030351900a50261171a9
721,119,00001000010000100001010011111101000110111110011011010110000101101010110110011010101000001101001101000001000111010111011,13205120f06f0be02226a0901e608f04b0350af45f01a
722,124,1111011000101011110000110110100001100100000100101000100111001111111111001011111011000011111011001010110011001111100100111101,16b25a1d602818809307f0af0d617503d09715e226049
723,98,01001101110101110000001110101100100110110011111100010001001000001000110101101001100101100101011100,17e0cf0632bd3260280ca05804d2a300901315816704f
724,105,100100110111100100010100100000000110110001111010011001001001101010110010100110101001100101011010000100000,0762281dc0a606c15a2370ea09f24a03104e06b088196
725,108,000000111011010100000010000000011000011001011100111001000011001001111101011111001110101010000010101101010001,1600390c52890ad01002c21f01427011608b1e70231dc
726,84,100000101111100100111100101101000101011010101100010100011111000001010110000001011010,0164ce15904106d0820510a307f0a11e708c018267186
727,77,01000001110111110010000101001011111110101011011000011111110001011011101000011,09203e0480382f817c0fe08405907506a1c82830492e6
728,67,0110011111000110011010000101000001001100000111010010101111010101111,06405a05e0861ec1f40510b90940491f81ca27107e1de
729,107,10001111010101011101100100111110111100100010100110100011100110100000101111101000001001100001100101101001001,10612107f20d15a00e0d801a5771a00ad07900707b02e
730,102,000100100111001111001100111100101000011101100110010110110110010010110110100011001111000100001010111101,00d3101ee06f0530d603622104f00f0dc0140031d23db
731,112,0010101111101101010000000101000001110011011100011101101000101110010111001000111000000101111010010000111110010000,15d2360d200808b11704807001e18e0320d254d0d3062
732,113,01010111111011000100110101110010011110010011110001010111000111100110100101110000110000010010010111111000011101011,0580521f305b2070020a02dd1901a60981491460be061
733,92,11110011011100101010110101001100000111001101001000110111010110100100011101001000110010101110,30d04d01042b00c0250640490aa20717a16315609c006
734,73,1000010011011001010110001100011110001001001011001011010000111011100011111,05604d08b2ec20b33f13200b339108015056034031048
735,66,011110100000001111010010101001101011010110010010000100110011101111,0b307d0211f613d1b8212264154087278070039049002
736,108,101011001011000000011111100100000110110100110101000011101000101011011111100001100111111100100011000101101000,0960ec0db03030201c06a01c2d211410b1b115a157074
737,72,010010010010100101001000100000010011110001010010110011011011110000001101,03012c07408d0fd07416c03804633f3143080a300303e
738,84,101011011101000001110110010111100101011101001010001100100110101110101011001100101011,05718204c14d2d41130180f330d10409a0470fa0c20e7
739,101,01111100010111101011111001101111011111101110000011011111111101001110101010011001100100110001110111100,57923707917e00900b02d00b17401401d1190b0192105
740,93,000010110111110110010000110010001100110001010001000000101101011011011001011111100101110010000,0171ff0230162a82361d93540ea0f504500802c0f1053
741,64,0111110011000010111101000001111110101101010101111001001101100000,0a528834f11d0fa00900d0800f60d9110063116113165
742,73,1001110000101000000100001011001101111010001001110101101111100000110111010,13902128000010b15712505e22b0271341ac15712108f
743,66,011101010101011010000100000111010011001010001101001011010110101011,1811ba01e01b0930111b20970043101110011f336c013
744,103,0110100111010111101111010101001101101100100010000000100111101100011101011001111110010111110010111100100,21a07c1931483710930230ec1a407a00c14315804506a
745,104,10011110010001011010110000100010111110110010011101111111001000110100001100011111000100010001010110000100,0e709b2cc03a0800f80370c203f0aa2ed05911405b360
746,128,01011111101011000111100011010011100100101101001111010010000000101010010110110110000100111000011101001010010110011111110110101100,1702180bb0200970991fa0ef0560cb35c13d0bf0170eb
747,128,10101000101100100100010110000001000111010110011101010011111111111110100000011001111110110111100110001011100011000011010101101010,0720780050560f801e00f3721970b508b3bf05e10c21d
748,91,1101011110011011110100000000010100000101010110011000000000101011011011000000001000100000001,3d31d10101390f930514b03409e04b0d915700106e007
749,77,01010100001101010101001010100010110110001000111100110111000000101000000010010,12a0a90e80c909607313013b1a731005a03d01832b070
750,104,10111000110001100101111010001110100111110011101001011000010000101000010011001011010111000101111010011010,0680c31100a617a0330840651163621040ee03d2c6115
751,111,011101001011000111100110000101100001111110001100010000110111001001111110000101000010101111101111010101100110000,0530a708019b2ab11b0050242e10ed0af2231dc063016
752,66,000111100101001100101111101001010100111110010011000001011001111011,0010ea01121930800515b3480e305d0db1920bf09c02e
753,97,0111011100011000110110100011101011010100110100011110001111101000000010000011100110001010001011100,0ce1cb05301f00e0b20850bf1c90ed0990703ab16b215
754,118,0000100100110101100011000001100001101110100010101000100101100000010100111010000110000011000001100111101000011011000110,02643f08127303f08a1b50030a010f1a110b0430e309e
755,118,0111001101000010101110111010111011000101001001000001101100011101111000011101111001011010001001000111011101001111010100,12908b09702f15808506812c01f44e02c26301d08726e
756,97,1111011010101011100101011110110000100000101001011100010000011101000101110011100111010000111010101,1e004e43909d0221e71ad0a708b03405c0bd157026142
757,120,001001110001000011000111111110010001010010001010001100110011101001010111101101111000001000001010011101000111100111010001,0e90ee1000020e01c902b2600033a20e906107f1b90c5
758,117,001100011110010111001010111000110100011011101000110000001110100100111101111011110011010110010000001111010011000100101,0c12470d91922f71ec0f60320ef1c70c501f06b03c039
759,87,100111011000011001110011001100000001001110100110000001101001011001001000101010000010000,15d18d01b0e10a310a16605e08216c1050970af1e8282
760,78,111010000101111011000111101100110000010001101000010110111010111101001101110110,1042050e127e02705602a17f04811d21516105516b0ce
761,82,1110010011101110111101000110111011101000101101010111110010000011010010010001111110,02014709100f0621020b91a813b1ff1940e2062214205
762,104,10100011011111001100111010011001010100011110011110101110011001100011110100111110101000110110101001111111,2561770711841eb02903b25e19c0b40f903c038185047
763,65,11010010101111110011110011001100011111010111101000101001000000100,0171ce01309209c1831e31900c725c1620890c6170098
764,112,1011111111010110000000010011101101100111000011000001111011010110000111001110101101101010111111110010110110101000,0d401709d0050cc1931eb0be0080cf29206e0264cf098
765,98,01101111100110001011111110101101001011111001000100011001111010010000010011011010101110011101101011,21e1db2321e812105d0c603c07812b0a11af0af04507f
766,112,1011001001101001111000001010010011010100100000010110000011111101111111010001100111101110100111010001100001001110,01611402123409504318d0f700f34d1a00d60d90ee186
767,97,0011101011011110010011011010001001111001111110100111101000000011010100101010010000110100110010100,11e4f80821040ba09906d20b1bf0230e700e11d067036
768,100,1111110011000110100111011110101010101011101010110011010111111011100001110000101111001010110111010010,0eb0771a001511e02b14f0ed09e0a433b13811412b169
769,82,0111101001100000000001011010101110110011010111010001111101011000010010000000100111,00a19309a1ad1c707534a0a815c0430111da18906506e
770,121,0010100111010111011011111111111101010010011101101100111101110110010000011001101010101001010001010101110010000110111000000,2020ac08e02d1601ae01901c0db02e03f57306c18b09b
771,117,000111000101111011110110110100010010010010011110001010010011101100011101001100010100010011000001110000110110100100011,0bd2902cf0bb0ea1b103022b14712907b04304c01409d
772,115,1110001110100010001000010001111101110010011100011111001100101000110111100111010000111111001000101111010000111101110,06f13d54924200201d03d11a1b00e605505903f130099
773,97,1011011000000111101001001011000010100010101111001110111000100000100110001110100100111000011111000,0f930815409c05f02e0890ed16b0e00d013a2600a00ae
774,98,11101101011011111111010111011111010100111101100100010101011011010100111111011101000101010010011000,2020a304b0f30f60f70ec0040330971900631c3358162
775,68,11000001000000001000101010000111011010010011111110010010011100101001,4581431ab1d201a0f20a001f03002d09402e01631e0c3
776,115,1101000111000110110100100001001101100110000100101111011001000000010110100110001100000100111100010101011011010110111,0b031c0c62370ed10f11c04e26e08604809713b059060
777,82,0110101001010001100000101100100000110110001111001111111011010111100100100001100011,00700413b0fb09a17504a0754a80b60041c10a40f522e
778,95,01011101010100011101010110110111010000110001101111111110011000100001011101110111111101000101110,08f0640740030e22c910f17903a2af11008a35f010068
779,71,10001010101010010011001001001100111100010010101001000101111101100110101,13e1a03fd0140d702a06301618d0a907405a2851b7051
780,106,0001010011111100001001010011001100111111010100010111011011111100010110010010001011001000011101111110000100,12901109c3ae0ad02f0b107d0ee12339a0470ba0e80d8
781,75,100001101001000000100010001010011110111101001000011111000101011100000110011,0d330b0530421b11ea01e12404c02a03b2f510e09b159
782,116,01101110010001010111001101110000101011111011100110101010011110110011100111110000101101011110100110010011001101000011,07912a1b026508f0c003a0100981070150ea03504d588
783,65,10001001011111000101101011010011010000111011011101011110011011101,0b729b2490ab0fb09401c01817020f2770220da02a0d3
784,127,1111011111101010101000001010101010111111110111001000110011110101110011101100111101110110000001101001001001111010111100010000101,01002700312f1553c608915808a14d05c0a511201e38c
785,93,101100101011001001011000001101011110111101010010011111011010101100110010111000011100111100110,0160fb10d02d0a20730252960a805847316407a0dc1b0
786,114,100000001010101011100010001011011100101100001000011100011010100010000000100101111000100001011110010000101101110001,08a24e0ea06a07b00108a2080e718f02303c05807a518
787,72,101100110000100000001101001110010100110000111100101010000001011110000111,1e71850e70c80cd0261b501f0e93e620003209c061017
788,87,100111000111000010100100011010111100100110110000000100011100110101011000010000101000000,0ac04e0f904f15b0b801104f0bc3d71b50930391732bc
789,100,1101100100111000101111001111101001111010001001101110101100011000101011100110111100001101100010111110,0430a72d21e60f115c0ea16419a04e29d03b06b090002
790,128,01011001010001000111000011001110010010110011010100100011000101000001010001000111111001110001101101001011011101001001011010100011,01b12300005400604a01d1102920b72b707a12534c1ff
791,93,010010000111000010111000111100001100100000111001101001111001111101011111001010010011100101001,1a900f1151d617c22e03314b17806509114c0481530da
792,68,00110010111001110101101010011000110110110111111011010001100100101100,04b1da09804103d01b0f102e0941782872d41090522c3
793,111,100100001100101010111010011010001111010101011101111010110010001011000110110010001010110101111110111110011010010,3210eb05005601418917304326919908819812d03806d
794,115,1100011100110011001110100000010010010001001101000100001011111011000100000101010101111100100100010011001101100111010,01205502605c0a630300a0582d41b90650fc0aa16d2ff
795,98,11000100010111111000101010111101101000101111001111100000010111000010000110100100110101011101011110,3860b20c701b01102723917417f0a712f1181a102b0c1
796,69,000011011110001011101001101011110010000010011011001111110100001010000,0df0890830a41dc0731d900521e0a51230fe28c0a212a
797,95,11110101001111110001010101110110000100001010101101000001001110000010101101001000100110100101001,1780bc09e10c3e809800a0fb13c1480070d01a3004194
798,120,110100111111010110010111100110100001101000110101100111010001110101001101011110101100000111111001000100000001011111101001,01b4521490b10190a203e1f50f307f3dd05102f08b049
799,71,00100110111110011111000001111011001100110011110000111101001000010010110,0d21292b21e304e0580f30dd2950d10a507b00b0d618c
800,109,1101111011110010101010001110010100110101110111010011010111000000100101101111001001011001100100000011001101010,01415c1380800b00090540fc11b0d52a60e10f90b93a1
801,122,11101011111100000101101001000111100001000011110011000000011101010010001111110001111110001100111001001110111001100010100100,2e01e20ec28b18007f07302c18117300d0110411010cc
802,80,10101101000000110101110001100011011111001100101000110111100110101110011111111101,0bb0310511f91a905301a0330481510b800411c5d5135
803,78,110011001111101100101000101000101001100000100010110101011000101111001111111100,0a215312508e0a70e92690dc20e14d07b0e51b50e9022
804,64,0100011111010010111100010100010000110111001001100100100110100100,0460c902002d07408e1fc27107713a30d00038d0310b2
805,118,1110011101111000110110010000001000101111001001000100111001110101010100111000000100010111101101011110000110110100110011,1171046432680d001c12a03305400204a05d0400c40e8
806,80,01100111001010111101100110011100010110001111110010011100000001110011000011101001,3d144208507b1080130040820520ce0370f92b302501d
807,113,01010010000101111001000100010000000000110011001011011011110000100100001101000001011000010100010111100001000011011,1cf09e13a04d11b0540770991480c80a41050284dc0c8
808,82,1001011000001111111110100010001011011101011000110110011010111100101111000001101100,0b504900700900d07412a2072c911c1a50ca0f52a514a
809,110,00100010000111011001101000001111011011011101101011100110100000011101001010011010100001010000101110111111011110,1911a10bc17406d09237e03402d2070ee0a503d071170
810,85,1011000100110000110010101010101001111001111111101011110000100001000101001110000110011,2a60ee01b10d1ab06403404e0b20f140814a0610b40a1
811,84,011101011110001101110010101011111110111000011100100011001110110101100000100010010101,0310880341431e414414101a06f2a008901811e3b10c7
812,82,0111101000110101010011111010111010000101111000101100101001011100001001011010000001,0761010a10b122f03b1c309c18b17e04a14e3000b4010
813,68,11000001010110001111111001111010101110101111000110010111110101010111,16d01e0f303b1ec4de0670c30290140b406300c14e29d
814,83,11100010000111110110001001101010001110010111000100001110100100001110100101110101000,0430220a01410ab26621116c0140b611b0e002523d1ff
815,107,00001011010011111001101100001010001101110101000110100000000010000110100111011000000011111111101100001110111,09f0d700a39004b1d20db00a0a807710b3b30430011c7
816,70,1001101110110110001010000001100011100111101101111111011011111101100011,0220191e60d006f1a41070160d63bb29406d0001960af
817,109,1111111011011100000010000001011001000001011011001000101111000101101111100111101001111001000111100110111111111,13201314014708a09f0a60411921191bd27621c0620c1
818,87,100001110100111001001011001101001000011000100110101011111011100110101100010010111010001,1210620420410a60260c40750bd06e4b820a14607c23d
819,90,110111111011011011100010000011100000110100111111111010010100010100011000101001101010110010,0e100c0220c10001e218d22600802131d1b31b1084163
820,93,111010100100011010101100101111100100010000010111001111000100010111001110101100011011101000110,05b13001f1a30c62e50b424d24d05708c0f90e203f0b8
821,67,1011001110001011010100010111011101100011001110110010010110011101100,0db0b007648100b32b00e0e30010a71190432160940a3
822,84,101011111111100001101011111110100100111000111001001001001110111010101000000000000001,0540b91230531284590ca01108f02b1a71a112606418d
823,99,100011011110011110100010101010011111001100011101011111001011110011110101100101000001100100100100010,0a701200602d0fa38b0ee0ba0640581631520bf04c465
824,67,0110111100101101100111011011011100110100011010100001111010111001110,0901cc2741fb0d102520c0db07f00a0870a91311f706f
825,125,11111100010011000101010001010010001011001001100100111110101110110100010101010110110111000011110001010100010000011010101000010,0720fb16220f0cb01102f04a09311a0723ea21c16b035
826,91,0100110111000110000101101111101111111101101101100111100101010010101000110111110110001011110,02a12523313f09a06c0650f206508011b0b82491ed1ed
827,66,111100110010010000011011101000011001101101101101111100110110111000,0d521e0c606120a0df06d05344a0b302504e04724403c
828,73,0110000111101001100101110101100101111111001111010100010111100010000011001,41518f0d206402f1a309f0c614909a06f07d28d06b020
829,124,0000100000111110110001110111001010000110000001000101011101111100100100110101111000011001001001011111011110110011111110010110,2392080210520c01071360d10731d10a907103d0fd2df
830,72,011110011111011110111001011100101110010110001011001011110101011101010111,0210b60bc18218e06010c03c0c51600503ab1e71020a4
831,82,1010011001000001100111110101011101010100111001001010111110010111010011100111010101,37022103609202612e2120b400e19c0b801411c0e0112
832,67,1110011100001110001011110100011111110000001111100011001111011001000,1e53311800b600703800c0380020510483613e7042006
833,71,00100101000111001001011011110000110010010000100011001111101011111110100,0a123f0c10bc05521b0c02d027f05b11704b0b304b063
834,86,00011000101010100100010110001111101001101110000111100100001000101110011000010001101001,0931350ed10b0283201640c614126102502c1b50330ea
835,70,1001000100101001000001100110101101011110110100010110101010111101100110,0be23317c0420260a002c0581550f002f0490d60935d9
836,71,01010010000100001101111000100101110110000100011100010010100101101000111,0062580af16301706111d1540b903810913c3d606412f
837,87,111011101011111101001111111001011010001010100001100111110011001010111010011111101110001,0a617a1701040c10110bd04a0461750a027024e18c0e7
838,72,001011101000000110010000100001000111100110110011001110110100010101101111,02f0952090aa0650e02db00c34007404e0a30542ae0af
839,109,0110101111110010110000001010110000001110100010111110101100111010011101111100101010001110100011011000010011101,1c508b0100d10d900636a08f07b14b00d12b1de09c276
840,66,010000110111001001000101011011001001100000110100111010110110100101,0340480990190e00160cb09a34c05021929c30901f0f6
841,108,010001000011101001000111111111011110111010011010010011010110011011101010011000000101001010110111111011011110,00b00c12b10305608f04a0be51b12d0d20010b42c4133
842,122,10110101111000100001001100110000010001010111101001000110001100101101000010110100000110000111000000101110111111000000001011,11a07702503813441e0972f308a0581ff1ae037047021
843,125,10100100011001000110000110101110101001100101000111110001001000010001101000001101101010110011000011011000100011111010010111011,00d10312d04c1902bd1290231500db06037506d0820e9
844,80,11100100111010000111100000110101111100010001011100011111000110111101101111100111,0111a416402c32e18005a0e71600630950eb0b609a230
845,100,0010011100100110111100101100010111001010000000000111110101111111100111010010101011100101110100001010,11d1ef1ec0590d602703222a15e11f0d50ee12d0cb116
846,113,01010011110110010100011011001101110011110110010101100110110100001110010000010100100101111110011111100011110100111,05900f0690a70ff0212432e906604b11d17f1ce2780a2
847,94,1000000100110000010100011000001100011110010011010010011001100000000100011010001101001100110011,07803e02418a08c0c603302f31f03c0d50591b523a367
848,80,01101111001100001010011011100101010010000010011011110000101010100010000101111111,19a13f0941331f408d06c10907c2a40541421b70210d4
849,100,0101010001111000001001010101111101001010011001010100110101010001100000001000100001110111110011101001,06315401f05b10c1080970090cd23d00222403b50909f
850,124,0000111101111010011011100011001110100100111111000101100100001010011011010100100010101110011000001100111110111101110101000101,0832080be3b001f1081bc1ff01a0710380931b809407d
851,110,11110111111100001010110111001100101100111011111111011111110001100001010101101101101110111010011000001110111001,16c0bf20608005d01d0af13406613410b3200600c1205
852,121,1110000010000110010001001001000100101010100101101001111110101101001010100101110010001000100010001110000111110100101111000,0bf1aa0060350db0d21b21c70c913d21a30608a01206d
853,122,01001100010001111011001011110000111101111110011010011100011100001010100010000001101000111100111011011101110000100111110110,1022370940240333970180da08e07518c0b917227d016
854,86,01001001011010011011001010101111000010011110011111011000111000110111010011111010110010,2da0650c80e300d08e21c2240ee02502910303918d230
855,123,001010100100100010101100001010001110011111010101011000011001111110000111011101110100001000011111100100001101010011011101111,07800a1a203208c06126101f0882620f903f0bc3831d5
856,118,0010110010101010110110001100111100111000000000100110000010001001111111100011111001000100000001000011110100011111000100,07627b15a04c01f08b04f1be0c603730500b09b2c913a
857,89,00110010010110111010001000011110101000011001011110101001110100100110011110011011010011001,0de28903b33e11a02b29d20302500101110500a01a1d5
858,82,1010101100111001110111111111001011011111111000000010010111111001111110010010010100,1370b30bc0be00808804001700a0480d631d3a82b510d
859,118,0110110111110111011000101101100100111011100011111101011001100010011110101001001001011001100101010011001101001101111000,0780e903104c0550170bf17e0fd35404e184386197032
860,98,11001100111010001100011011010111011110010101001100100001100111111110011010100000000110010111011110,00122f07203504102f18e0ef06c43c0402b71810bc058
861,93,000100010110011100100010110110011101010110111100000000000110110010101111101000001010011111011,07302c05819b0550df0700860ee1ed0bc0a039b07d2ef
862,123,101010001000101011101001101100000011111100111000011011001011011111011101000010000101011001000010011111000100110010100101101,1a903a0bc29b1a304f02e0b801007e0180f53ea001260
863,125,01101101111111101111011001101110100110000101011110010100001001100010110110100000101010001110110111111000010010101101111101011,3cf09414e07606b01713f0550e502c04304938d06d223
864,76,1101100011100000101101011110110101010100101001111011110011001100100100011101,02a0034920280320571850b71100a518d01c0e921a1ea
865,85,1000100110111110011001101011000110000010011010100100001111010010000110001100100101111,1b103025e06d0182920450bb0e60960940f80510e8362
866,65,00101111101000110011010001111100101010001100100111001110110001010,04706b0ca0510720cd23105807e28e03215409d2fd238
867,104,00111111101111111011001000100001111011100101011101101111101011100110001001111100110000000011110001101001,07d3770230960270f51b421119803122401202b10213e
868,124,1110000010001100001111101011100011101100011010000110111010111010010100110110011000010010010110101010100001010010111100110001,15011c0b704004901719013231728b1760400da0940af
869,69,110101011100111000011001101010010001101000011000101110100111000000010,0b20e727e1000910f50e103f0060992c70ce01623c1b6
870,101,10011010111000111100111111100001011001100111111111100000010100100101110110010010001110101110010101101,37d0c31040130911212fe0d60d10e70ec0590230031f7
871,65,00011011110100110001001100110010100010111011101111101111110001011,24656e10f08702212804211c00b06709a11307201c15b
872,72,001000101101001011111101010110110101011010110010111011111101101111110110,0182121920ad2f71da0bd06e00c1d105816e18a02c03b
873,115,1000110000111010011110010011011010100110101100110001110000001110100000011010010000101111000111110010101110100000000,03e06c07f12f19703f14425441103008f02901524f0d7
874,95,10110010110100001010111111100000011100011000110001011101011100011010110011100100101010011000011,02905505e00409d05807e1643051440664ca11506a148
875,68,10111011011000000010011110011111000011010110010000010001111011100110,0ff1f51810900830df07c17a18c0f615503004f2c0084
876,117,010101111010100100100111001011011100111001110110101101000100110100011011010100010101000010111110011000101110011100010,1330ff0610180212d20870a21ff0fc05c4580b602b0a0
877,126,010000111001100100000110011111001100101001101010100101010011001000111110100010110000011110101101110100101010110010100111010001,0ac1eb0430eb4760ba0460e513c0070390020a2289131
878,75,111010001011010001111010100010000100110100110111111101001111100110101001001,11605500801e03e0ff1741e14511911bd0551030bb025
879,121,0101111001101011011111000010010111100011111111001011000111001101110011110011111000111000100110100011011111100010111000010,0c61f900709453109504d02b1a10090961191b00f0069
880,120,110001010010111101010010100001101000010000111101100100010010010010000001000010000110010001001001010111000001010101101011,01e0841501210692d11382d20c406c0970e410e1a7041
881,77,11100101010011111101100010001000100010110001100010000100000111111011001011111,00c0470130f80860331af19a2aa01106d07d1272173b4
882,126,110100111110000100110111101111101001001000101100011101010000010111001001011111100100001100100000001110011100010001011101010001,0f80f018b2042880c61cf0540d618d0320b515e003066
883,122,00110111100101111101111000011001110011011101011110110000010001011001011010100010001010111000000001011101111010100010101110,0d30a20411542921bb07112b0330dc25507401b07b298
884,122,11001010011011000111010011001111010100011101111100101111011001110001111100010001010111011011110010010010001100110000101010,4f21d60103931810c80e709a00202a0580280250f1001
885,100,0010000000100110110101101110000101001101010010000000010010101101001000111000011011000110100010110001,0cc09a3eb18340702e06c02e0c50450d10c110205805e
886,69,110101110110101110110001011001111010011101000010110101001100100001001,1ca10c12d1830430a61c00031ad0960440dd2eb003174
887,84,010110101100100101000101100101100010011111001101001100011101011011100101000110011010,18a12e01816708b25906b05b06c23215519001c163115
888,73,0101110001100001101001011110100001110101011110100101101111100100100011100,0d136a0f414b12610e0141431161f60740a2003169066
889,71,10001101001111101110111000000011000101011000111011011100010100100011110,00700404a0260350e41160a61b12ad12754914800508c
890,106,0010000110000001100011000010111001001110111011001011010001000101111101100000111111110100000011111010100011,4571c102a04905a0d42a733806501d0230210d806505d
891,104,11001110100101011010101000101010100111010000110111010001111010111010111111001100111001010011111001000110,5f61342370c41e109c07501012901f07d033099017027
892,111,111000001001111100011110001000110000000100011010110110010111010101000111000100000001001101011101001110001011001,1341352161031261e50a11190770f120908e08707c0af
893,64,0101001011100011110100111000011010011110010101111010100001011111,2050911171960d115a29904f0b911e0c108502a206055
894,93,010001110111111111011100111101101010011001000101011000001111101001010110011101100010101101011,1c72970850d20800c30580eb2100300061ca2860df048
895,108,100101110100111101001001101100000000100100100101100110011000001100010110001000010000101110100011011011110011,03b1c22241410c211a01a07e11200823c2f4059018166
896,67,0011111010000001110101000000110101001111010101011011011000011110010,00a4b202e03602307104b0440c21a22ef10a1470211f1
897,64,0100001001101000110010101101111010111000011001111010110111110001,28c10029009507407d0ce1140360c40c500a2e40ae11a
898,106,1000000100000100100000000000100000001000110110111010000001100101010010010001000111100111100001111101100001,0bc06124c00c39c16a28c00710e00500d01e1bb16308e
899,88,0110101110101010101001111001010010000100001010001101111110111100010100001100000101101011,04a21222109124d27e0c10b30170b90170e404114b153
900,108,010010101011111000111101011100101001010110100001111111011101111010101010110000000110000101000110110100000000,0af09a1070ad1a60c60e91af1ac13a0b90ef1c118f019
901,125,00000110111001010101010011000110011111010010101000100101011011100010011011001111010011101000000110010110100100100101000011011,01f0900f504b11b06f0b828d0e01b30352c02310950eb
902,114,001011100011110000001001011101001101010110110011100110110111101010001001111101111011001100000001100101011101011010,02d07807208f05a0300cd0890042a11f613549a1ea020
903,109,0000101100001010001010000001111100111010100110101011001100001100001111001110011101100001011110000100010001101,23612610a10901507006d04307800309317267d03b01e
904,87,110110010011000111000001001011000111100011000100100110100110001010100011001001010001011,0ac33c0282f405d06c03a07c13a0e210d0eb0892cd00b
905,112,0101111011000101100011111111100111001001110100011010111111001101000101000111101110100011100100001100001000101100,2172010ea00c1d801f12212008a12f0d80fa0cf0a81ae
906,111,010010101010100010001010100111110101110000101000111111111010000101010100000111011010100101111111010100100001110,03c22b1f900509814920b0c90ba03808c08d19917e1bd
907,65,00011011000011000110111110111001111101000001000010110001111101110,1fc06c49e01919e10f09214c0fc08f0380570041620ce
908,102,000010111001000000111101100101011101010110011110100001011010010001000010010111100010001111111100110001,0b92650d01b121904419105b1020d209207c2320c7035
909,82,1111011010110000011100110100111000101000001101101000010110011011011000001101110111,39b23b01f0da11012806405212508d08a19a0a918e031
910,89,00110011101110110001111110010110111001010100000001001011111100110101001111001001110011011,03904b1ae0690740eb09b0d83920860202810bc2d4042
911,126,001101110101100101011000010111100101110000001011010100011000111000000010010100000001101011010100011111001100110111110110011001,09b1ef0c80dc1880800f20cb25008f03a08f29b1070bb
912,127,0110000100000111111000101110101111100110011000010100110000100111100101001010011110001100011000101110100011111111001000100101111,1ba1631e80aa07216d0d20a60db09c3bd07f03708d07b
913,96,010110101111110111101110000011000001001001010100110100100011111000001101011110011111110010100100,0880a91b90c616b32a0df18d04a0050741f70af07016c
914,113,11011010010011110101110000101001111101001010100001110010010000100101111111000110001101111000010101000110010111011,07c0cb0c92650dd26e06604518b229006216013125086
915,106,1100101011010101000111101110010010010101010101101111101000010010101101000001100111110100001010000101011110,0350a609c0290540c714e0280dd56d1d019a06309611d
916,74,01100101010001111000010001101011101000011001110010000001111101101110111100,0c91110cc03f0980861f60f410c0fc13a20e07700933a
917,70,1001100001100001111001000100101011011000101011010011010010110001100111,15005006920308814a03b2270220f103810d23d0252fe
918,115,0101111110110011100001001001010111000100100011100011110110000101001100001011010011001011101111011111100110010110100,07b0120581fd09329331a05707805806e0951ed09222e
919,102,111110111111101010111011011110000110100001011001000011100100000101010101100101111011100110110010101100,18027f0411f201f0a726a17b28c06403c0b803e08f069
920,64,1010100001101000000101110011010011100101011010111011010010101110,1410220191410a811200100512a2453b318b0072220a5
921,123,010111101110110100100000000111111010011110010010111101001010100001111111001101001000010100110101100111111010111100000001001,02f0070a409108814708d08d02904510c06701532f680
922,79,0100111000110000000111111110100111000000111011001100111010001111100000100110111,0a20970440910a200b08f04219642617340b048074076
923,105,111110100000000100110010100010110110000100100111101110011001110011001110001110001101001011111111011010010,0f409116410e12217b3161180a712607201d0e4070185
924,90,100001111100111001011001100001111100100011111100010110001110011010010011001000010010000110,0710c509f0211661980201b603b27101209e1ee2b5131
925,68,10010101001111111110000010111111011010111001110101101110010100111110,0d110004906e2d518212304f23500a02c0e300913131e
926,91,1100011110000100101100110000000101000101110111111101101011100001111110000011001100001101111,0a00e83cb0751300c002e19c08b0cd0cd0770631d71a2
927,92,10110000001011011111111111000000010000010100111100001011001110000100001111010101000001111001,07e0be3523790120301190860061ec0061b50f5145029
928,118,0101011001001011011110111101000010011000011001000010111001100011001110010000011010010100000001010110110100100010111100,0020c20581950c021e00a01b13617c0d02fd25e12803e
929,95,00000111010001110001111101111110000100100000001001111101000010011101111001011001011000110110001,4a30b70180ea00e0890e20c526a2790380b20780340e3
930,67,1111010010100101100010110011000001100000111110110011011011000001011,02214720602602612e0191931a10d003028d3390570a6
931,74,10111111000100001001001010011110010000101001110011011001010110000101011111,11706b0de08629a5000a100c17301e00406a0110b7204
932,116,01010101010001100100100110100101001111000111110110110010100110111010111101010001111000111101100000011111111110010101,33401c03819b06a09108709404e0ff093028551135030
933,65,01111101011101101001100101011010011100011100100111111101000001001,0c91470b707f13e08b0a72780fe2280120031560e6253
934,68,01110000010000110100111010110101000100001101011001101111111011100000,0f723712623f04109001e0b20530c010918400f07a399
935,122,01100110011100001100011001110111001100110110010001010010011001101000110101101010001111101000001111011010010010100001000010,0ac0f610531200c00f15604124112e09e0d91b01f4004
936,76,0110111100110111001110000101001011010000101011001100110001111100011000111010,0fa2651432271630c80d70fa0d90180760ac0c0140121
937,127,1100111001010111100010111101010110001110001000100011011000100100110010110001111110101010011011101101000011010010000000010100000,12a0dc0bc01323703c01e00e01900407021a33723a26d
938,114,100000110000110010011111100011011111000110001101100010001010011110001001111111010011001111110011010110100011000101,14519e0530050ae0e91530d007810b19d39815b01c0d5
939,67,1001111010001011110110000111101001101101001011001010100100110100010,28b12708a01804307b00022102c07024926e13b0641d5
940,79,0110011111000011110100101110110011001000011101011001000010010110111111111000010,23426715402413608e14b10c09c0471ce0b509f13908b
941,72,010101010000001000101010110010011011011100100111011000111011011000000010,4690a927c01707d01411e02709906604c1be1e1044151
942,76,1101010000101001100010000100100000101000001100000011101011110111011001111010,06606b2482ec09b0e102304325f0ec0df2e702b06b06c
943,119,01101011001010111100011111000100010100101000101100111101100101001001001010111101000100110111110100001100000011111001101,0230a106e06c3d655d00603907803f04d0b300b1b816d
944,128,00111101110010000111001001101110010011111001100101100110100000011100000001111110000001110111001001001000110001110100000110000001,0fa01606a0141d61f40220a40c30e905301512f681017
945,87,111110010100100010010011010100010000011011001101101011011000011101011010111000101101010,0151940981e703827a0ee05207e23f2850c610406506d
946,77,00100011111111111010011110100011101000000011001111010110111011100000000010001,1ad1093e90cd00d04105f0790270a309b35221106103d
947,92,00000101001000001000101100011100000000111111011010101110001111010000111010110111011100110111,0260e406a24e09500716917206e0ca2f929809714f00f
948,91,0001100000100010100010010000110010010110100000010100011101000110100010001001011101100101101,0ca45900902f22808d0d10303dc11600b11001602b099
949,128,01011101110100000001100010000101000101011101011101011010100101101011000011100111110010000010010101010010101110000100000010010111,1580d309d05817620100306d08c1eb0d425722c01f105
950,99,100001110110110101100111010010000001001010011000111110111011101100111110110001010111000001100101110,1080ee0990650b90ee0e822715005f16908936c0ea058
951,124,1010011011000001010010001111111011100001000101110011110101100101000010000010110001000001100010010011111100101100010010110111,13011013402e1131da1171af0d108e0a00aa11008126a
952,120,011010111110100110111111001001011011000110000011101111011100010011001111110100001011101010011101000110110100010000101000,1b004242d0d925606809406203c03c12f1dc10c0040b9
953,117,011111100010110011111100000011110000001000011101110111110100101000110011110111011000111110010010011010110000001101111,1250d701e4500df25403f0170280361510b714f10714b
954,102,101011011011110110011101110000101101111110011101110011000010101110001000000000010010100001001100100110,23806d1881f818a02704c00610510001d2d41850f2062
955,106,1001110001001100111101100011111111011111000100110011011100111010111010110110010100011110101001111000011000,01804e18e05e08b05b0492d324000a4040e40500371ee
956,106,1001100101011011011011111010011110111110101111111100101100110100000010100000011010100001111110010001011000,16a0340c606606451131b06e18c05300e0a407a0610c6
957,124,0111110001011000000001000011010011011011101101000110010110010110110011101011110100111011001111011001010100010101000001000110,0ce1b803d2b00a30c30ba080086039201419083068021
958,82,1011001100011101001100101110111101101110111001100111111000010111100011111001000001,0b12d51cd1781930ae24306508c1c20600f003c056015
959,67,1111001101001010101110101000111101011000010101110111110110100100001,0e904f00206600c01020313027f25a0b303a2c21f0090
960,112,1111101001100011010000001011101001100111011000110110111010011000011101010101010111010000011100110111000000000001,07f0b407c1a81fc1bf0250391c42ac0af07c053099202
961,109,0000100110011100111110011000000111111000011100001000100011111011010001100110011000101000101101110011101110110,0c200b01e1ec13d0060452ec03833e02a062396011104
962,66,011010100000001000001111001000100101100010010010000001001101110100,1260e604c04d0940a005c1990b12dc0664790da0180cd
963,98,10001000111100110110100110001001110000101100101010110010010110001110101011000011111010011001000110,1cd1e704200702c0a818d1f803b18e04810737d04e0c0
964,128,01010011111011011100111100111100100001010001100110000010101011100100000000000100001010111011001011000011111101010110000010011010,0c11a612a06c17001c1130f70672de1a902418f04d179
965,110,01011010111110010110101111111110000000111010110110100011110100110011100000010010010010001001000011101101001111,09e1f50930a60b208c1060ac18a0fc0aa22b1530b61d9
966,71,01010101010111001001101001010000011111001111011101101000001000111001011,0a802301608712c0220930ac1182751ae0a71062e7236
967,72,101001100101011110111101111110110001110101101101010101010111000010011000,3a21cc02b0df12306614810d1120d31021d205f062028
968,79,0000101101111110011100010111010101010110111110010010111100111001010110011100000,0b01210a60e901a22b0ef23604902f09c0891163aa0d0
969,114,101100110000001101100100001110000101100011011001110010110000011101110101011110111110001000000000100111011100110111,1b012007e29610d01d00a1c801a03c29e0d21041920bc
970,104,11001110000001001111010110111101100100001110011011010100001000000001001100000111101101111101111010010010,07005717e03b08b31c09f1860f70fc0863c109506307b
971,72,001110101010000101001110001111001100010101111101101101001111110000100000,24c06407219401c3560ff0441910bc13801227702b056
972,96,110100010010001011100111101110111010110110101110011000110101000101100110000100011110101111111000,11d36722023309306500108641100202c019066082062
973,120,000101101100011101000010001010010110000101000010001100101111100111110010110101011100101100111010011001100110100010110000,0c705b25c1b102c0060790301aa19b10109726004326d
974,95,11101010100110001100011100001111101000100001101100001101000000011100010101000101001101111000010,1041421ca01710723c07c02808f35303402d2690520ed
975,107,10110101001110000011110011100001000001111011101010111000111100110101110110000011110001010101001001110011010,39201400c00a0f310f0490381a203232d1ad0131041f3
976,106,0011101101100110001010000011101111001001100100100000101110101001000001010001000000111111110111010111100100,0180a20442570780683320a10700270c401522420c250
977,113,11100010001000110100001101011101000000011001001101010000000110010110100011101110101100110011010011011011101101101,14804203a0324351740451d70be2bd09a07106e0520f7
978,112,0110101011101000100010000011110110110001111010011111011101100101100100010110011000101000110001101010000111100010,1de0aa0bf1bf1580190ad00520b0900f818f0ba25509d
979,108,110000111000111001100001011000100110100010111010111111110111010010001100100101101010101101010100100101001011,06617624e15927a1310bb02401c0ab01e0eb0d712a21c
980,108,000000100111100000010110000001001011101010101100011110001111111111111111010100010001101000011110001110011011,17d10315739b2c40390010240781031041f308803b031
981,128,01111010011000110101100111111011000011011000000111111110100000111001100010110111100101100100000011101000110001110100110110100011,13107005106328f17e0511080f00ad1c300c1130ce2f1
982,76,0110010100001101100110111101011000000100100000010100101001011010110101000111,07226b0560f13250b00971ef0df0280d00d406a1700f5
983,68,01010110000110110000000100111011000110011010111100001111110011010010,0bb6690a10530842c600104404b1061650430df05d01d
984,69,100110011001001100111110111010101111011000001110100100100010001010101,0792dc0a419303b0650021c532a0181dd03a06f1e7059
985,90,000100001111111001011000100010000101100001000101000011101001000001000000101111110001001010,07a0bc1122b00ca1b70aa2850c619321601809b01301c
986,91,1100111000100101011100110011000100010010010001110000011100001111001011100110001010111000001,16303e0d704001b00505117c26014c01903b34418b285
987,106,0010101111000010001001110111010000011101000000011010001110101111011011010101000110111010000000101010011101,06e17d05032f05e1b500c06303300549d01b1f510901e
988,70,0111110101010111011101001100010110111100110001010000000110111001110111,14c1551850021c508605400a1b808b3e01670a2097066
989,122,10000001010110101000111000100101000100110101101000110001101110011000011011110111111000011110100010011100101101100001001001,03c00319511007e0db01a00e0ce41b02900f10d3cf198
990,79,0100001000111111100100101111111000011101100100000101011010110111011101001011110,0fc38712718106020f0460ec07b0c11590390ff138028
991,83,11000111111011101110101100111110101011101000000000101000110010110111011011110111011,10656405b2ae00a0330761270cd00f21a01a00d065129
992,66,001111001010100110101001010011010000101000000010011100001100000010,2170b409b25f16901830401d00c04c0b925c09f0c40c0
993,69,011111101100111010111100011110010100000001011001100001101110100101111,11b06115d00a28f2580de0f50a52a30a30060a3091137
994,74,00001000000100010011011110001101000010011101010101000100110011101101010000,03e0fd03b12306b1d618b05c0992330f81580371192ce
995,104,11001001100101111000010011001000010010000111001001110000110100001110011110100001110111010100011011100000,09600705c00c1160870592fe027079431314140089050
996,128,01101011001010001100100010100000000010110000001100111101011110000010010001001010100000000010010001011011100101101111011001011110,3382ca1330e60df16809d05500e0620972f405d04300a
997,80,11001001110001000101110100010110101001000100111001010010011001100001111111001110,04f1680610740042de0ee09f1e90840330165310b4062
998,75,000101000100110111101101000001010111100101111011101101000000111111001001001,08226807200e1500083342e92a40221380af01804e007
999,119,00000001001100000001101011101001100000101101101000101010100110011111100101000010011001101010100101100011010110101101000,0141bf3bf19710c0091f811f07402c09f00c02b1dd152
